coefficients,x_known,y_known,e_known,y_func_known
"[-0.11, -0.39, -0.11, 0.07]","[-0.72, -0.61, -0.46, -0.24, -0.07, 0.16, 0.23, 0.44, 0.52, 0.68]","[0.24549549549549549, 0.1657754010695187, 0.13513513513513514, 0.05244122965641953, -0.08026030368763558, -0.15714285714285714, -0.18299881936245574, -0.22115384615384615, -0.3112391930835735, -0.3884297520661157]","[0.03253085786782244, 0.03605770991598534, 0.06649996597072924, 0.04246581259648079, 0.046424390600512996, 0.059018947394912924, 0.033780167017368454, 0.0390408024628245, 0.03607409451310552, 0.02961743552881596]","[0.1505456, 0.145831825, 0.1207522, 0.0518768, -0.021218525, -0.1377072, -0.175449275, -0.2898368, -0.3324096, -0.4128704000000001]"
"[-0.01, -0.33, 0.21, -0.07]","[-0.72, -0.55, -0.49, -0.24, -0.12, 0.09, 0.3, 0.4, 0.54, 0.77]","[0.24970131421744324, 0.1625, 0.11189634864546526, -0.058212058212058215, -0.08342133051742344, -0.11926605504587157, -0.18329466357308585, -0.1717902350813743, -0.12639405204460966, -0.15126050420168066]","[0.03347013600800515, 0.0390030798062794, 0.03410437811754132, 0.032186620525154024, 0.03238236580642988, 0.03594402974163976, 0.04735223851718593, 0.04189213987849981, 0.04276729945433339, 0.0640745449486182]","[0.27561440000000004, 0.13315312500000004, 0.091470075, -0.040436799999999995, -0.0831616, -0.13282607500000002, -0.158875, -0.1658, -0.17220220000000003, -0.181379775]"
"[-0.101484438984439, 0.08383497133497135, 0.3838759213759214, 0.4103501228501229]","[-0.83, -0.66, -0.39, -0.22, -0.11, 0.09, 0.23, 0.48, 0.57, 0.71]","[-0.11369509043927649, 0.035422343324250684, -0.07431551499348109, -0.09951060358890701, -0.21085080147965474, -0.3298611111111111, -0.41019955654101997, -0.24625850340136055, -0.22707423580786026, -0.016166281755196306]","[0.03571118402703009, 0.03688750956413153, 0.03600806088644814, 0.0401891457791248, 0.034325308531960606, 0.03933456140774716, 0.03036613828856869, 0.03574963487758977, 0.04550630484251404, 0.033976942516768235]","[-0.042023503813472564, 0.013382620597870546, -0.059335822507166305, -0.15950468120393124, -0.2293345683097871, -0.3358625632934071, -0.3727687694256757, -0.3025125814905815, -0.21941896501330885, -0.013482615863022213]"
"[0.44819819819819817, -0.4871719545632589, -0.4092244418331375, -0.37025068546807677]","[-0.69, -0.54, -0.35, -0.31, -0.03, 0.02, 0.27, 0.48, 0.57, 0.69]","[0.6895604395604396, 0.5727181544633901, 0.5995955510616785, 0.6325823223570191, 0.616600790513834, 0.6723716381418093, 0.604306864064603, 0.392235609103079, 0.3333333333333333, 0.03867403314917127]","[0.026841680730558343, 0.025961817414009433, 0.0254481604983005, 0.03224257079776478, 0.034998686173469455, 0.03660121379680946, 0.029229983638931003, 0.03365609255692322, 0.05032342373975981, 0.0428820026289105]","[0.6175786792499022, 0.5827383333333334, 0.5934302475029377, 0.6002527984234233, 0.6502368358303956, 0.6539215609087348, 0.6082577156776341, 0.44175349784567175, 0.3208316213768116, 0.1035468887093616]"
"[-0.49, -0.49, -0.03, 0.41]","[-0.77, -0.56, -0.43, -0.19, -0.12, 0.13, 0.21, 0.5, 0.56, 0.81]","[-0.07272727272727272, -0.08303249097472924, -0.145578231292517, -0.3116036505867014, -0.37037037037037035, -0.6220095693779905, -0.7556935817805382, -0.8787185354691075, -0.9311334289813487, -0.8773841961852861]","[0.038821868716080184, 0.05987669657063009, 0.03649260438678311, 0.03431017282827238, 0.04469096014192073, 0.027080954650590308, 0.02980013514690341, 0.016146275559484995, 0.013813189870380164, 0.017709315437033822]","[-0.11877682499999999, -0.05031840000000001, -0.08966517499999999, -0.273704975, -0.3448192, -0.617158575, -0.699541975, -0.9106249999999999, -0.9279055999999999, -0.8548474749999999]"
"[0.23, 0.03, 0.03, 0.37]","[-0.73, -0.55, -0.44, -0.21, -0.1, 0.12, 0.32, 0.43, 0.65, 0.76]","[0.29559748427672955, 0.3463892288861689, 0.42532005689900426, 0.3333333333333333, 0.18867924528301888, 0.20634920634920634, 0.05250596658711217, 0.05379310344827586, 0.1164021164021164, 0.2087912087912088]","[0.05357126938411459, 0.032819645542747494, 0.03413434359704991, 0.03091592638401122, 0.03372334975750856, 0.043584892648037776, 0.03449677656887529, 0.037085294083651285, 0.0510848072574619, 0.04185283459907007]","[0.26238977500000005, 0.363465625, 0.37591680000000005, 0.318668075, 0.267025, 0.1542464, 0.0819184, 0.07111447499999998, 0.14679062499999995, 0.24804480000000007]"
"[0.09, 0.07, 0.05, 0.03]","[-0.76, -0.62, -0.46, -0.32, -0.15, 0.09, 0.33, 0.35, 0.63, 0.83]","[0.08314606741573034, -0.017921146953405017, 0.12258064516129032, 0.017811704834605598, 0.0400890868596882, 0.028985507246376812, 0.028037383177570093, 0.1180327868852459, 0.07780320366132723, 0.13676731793960922]","[0.033404008564426005, 0.05985881933900007, 0.03985809476679053, 0.050435324850755484, 0.0333436060377725, 0.0491266685834722, 0.05579261513746345, 0.040205787472234175, 0.03372297055621065, 0.04174894731219018]","[0.05639679999999999, 0.06045539999999999, 0.062069799999999994, 0.06222239999999999, 0.062684375, 0.067912175, 0.084112775, 0.08615312499999998, 0.129271025, 0.180301525]"
"[0.19298079592197243, 0.1811050546344664, 0.27611098493451436, 0.05640977111565347]","[-0.71, -0.58, -0.51, -0.3, -0.17, 0.01, 0.19, 0.35, 0.54, 0.78]","[0.2127659574468085, 0.1226215644820296, 0.10600706713780919, 0.0, -0.016181229773462782, 0.05718270571827057, 0.08100147275405008, 0.2116991643454039, 0.3094736842105263, 0.4921090387374462]","[0.03359349972569138, 0.03226744659647266, 0.041796294274103064, 0.03763549647474907, 0.056880564354656916, 0.03728457674045818, 0.03825037201608871, 0.03647381370372383, 0.04363065167809302, 0.032973810180339305]","[0.1447242481862114, 0.11077091748050573, 0.09473286989615667, 0.05944550748227219, 0.049798493984530755, 0.05593176510649304, 0.08917717545171225, 0.1454787585642365, 0.25000733366139255, 0.4490901229717112]"
"[-0.1776463963963964, 0.15396021021021022, -0.27239114114114116, 0.15396021021021022]","[-0.69, -0.55, -0.44, -0.18, -0.12, 0.11, 0.18, 0.38, 0.59, 0.76]","[-0.34995014955134596, -0.18064516129032257, -0.15489467162329615, -0.07523510971786834, -0.053304904051172705, -0.04154302670623145, -0.055762081784386616, -0.11743772241992882, -0.16206482593037214, -0.1557377049180328]","[0.02957888034294004, 0.05586179159613753, 0.03477681791176122, 0.039478172975485476, 0.0326047367156115, 0.03848530832502879, 0.04304598108332279, 0.059242200902765496, 0.03418990451088706, 0.0632373154282273]","[-0.3093059734891141, -0.18674707324512022, -0.11946933333333337, -0.04307735623123125, -0.03876196996997, -0.05435023399962465, -0.06630071433933937, -0.10858292530030031, -0.15004763715277777, -0.1669932972972973]"
"[-0.40547879202765386, -0.17041862273626032, 0.17041862273626032, 0.45249082588593265]","[-0.84, -0.55, -0.38, -0.27, -0.06, 0.02, 0.21, 0.49, 0.54, 0.82]","[-0.25862068965517243, -0.12727272727272726, -0.16929133858267717, -0.3125, -0.43842364532019706, -0.5586206896551724, -0.6733067729083665, -0.7393617021276596, -0.6854838709677419, -0.33783783783783783]","[0.04484444711718832, 0.04458114048172882, 0.04372742258117089, 0.03293247297793331, 0.02821076039725411, 0.030804006123010274, 0.04666819342029888, 0.03472323220638813, 0.04623362232443211, 0.054706390608369106]","[-0.2675097555417319, -0.1345333823602984, -0.1931692738113818, -0.265046956691763, -0.4390628961850771, -0.5075598996369278, -0.6472611385841398, -0.7123099856476126, -0.6965630845378735, -0.39138846276973527]"
"[-0.2691441441441441, 0.3071409644939056, -0.0158320084790673, 0.05382882882882882]","[-0.85, -0.56, -0.39, -0.18, -0.03, 0.07, 0.29, 0.46, 0.53, 0.69]","[-0.4899135446685879, -0.3231939163498099, -0.3627844712182062, -0.2445141065830721, -0.23046875, -0.296043656207367, -0.16744186046511628, -0.1536231884057971, -0.18811881188118812, -0.0472193074501574]","[0.033091975544857835, 0.058353377805160145, 0.03409545281806227, 0.0383886422695666, 0.043004454603778344, 0.035280171815840373, 0.047543449488005804, 0.03761744730847444, 0.043704935775282915, 0.03235704433268678]","[-0.5534682159181239, -0.4190912496025436, -0.36111800467011124, -0.3035339896661367, -0.268045078199523, -0.2454505064586645, -0.19428793034578692, -0.1490115604133545, -0.12787347804054053, -0.07211200427265502]"
"[0.14523537622129168, -0.21908387260499934, 0.13538891003679734, -0.19939094023601064]","[-0.84, -0.64, -0.48, -0.25, -0.09, 0.0, 0.27, 0.35, 0.64, 0.81]","[0.4650602409638554, 0.23605150214592274, 0.19457013574660634, 0.08045977011494253, 0.005154639175257732, 0.11764705882352941, 0.24545454545454545, 0.09541984732824428, 0.10299003322259136, 0.022813688212927757]","[0.04345663874788517, 0.06366083980785543, 0.06598170808755861, 0.03778200906381318, 0.0507666338007679, 0.032185112717216476, 0.0653574808306281, 0.043485872338120984, 0.057332539711958404, 0.0435907238804575]","[0.4490839314807765, 0.24019508996320257, 0.1410577175485344, 0.07802170568455778, 0.07234905805100872, 0.077540921202893, 0.10413485401598781, 0.10904730522776296, 0.08125264509579999, 0.010674670917396203]"
"[0.43, 0.31, 0.25, -0.35]","[-0.69, -0.56, -0.43, -0.19, -0.08, 0.15, 0.17, 0.45, 0.6, 0.84]","[0.21897810218978103, 0.1015625, 0.0436241610738255, 0.14545454545454545, 0.2560386473429952, 0.4221556886227545, 0.3558823529411765, 0.660695468914647, 0.7450076804915514, 0.760186263096624]","[0.058945991325022616, 0.03589780522600156, 0.04092260112500897, 0.03565423737966456, 0.04750906882832188, 0.03507444124982175, 0.03583761889052792, 0.02436726148767004, 0.02614398145895657, 0.022167655317094262]","[0.19483287499999996, 0.10866400000000007, 0.08485612499999995, 0.16588912499999997, 0.24104800000000004, 0.43573437499999995, 0.45348862500000003, 0.6769531249999999, 0.752, 0.7523839999999998]"
"[-0.6618457743457743, -0.007974045474045474, 0.07176640926640926, -0.29503968253968255]","[-0.77, -0.66, -0.51, -0.21, -0.16, 0.03, 0.29, 0.4, 0.55, 0.76]","[-0.662778366914104, -0.7239709443099274, -0.7972602739726027, -0.7804878048780488, -0.7728285077951003, -0.7373737373737373, -0.6096866096866097, -0.5215686274509804, -0.6196808510638298, -0.5849056603773585]","[0.02438479169727484, 0.03394433813632692, 0.03159573647088075, 0.03985944749517368, 0.021177374191825048, 0.033944397918942555, 0.029916365804949746, 0.0377807443137348, 0.028620676827326524, 0.032162259819480905]","[-0.6317959627439939, -0.7256064014371513, -0.7935246360333548, -0.7774136752064563, -0.7614856190476189, -0.6846144451549764, -0.5806351647763835, -0.5538771986271986, -0.5488610256461818, -0.6290539476619477]"
"[-0.35, 0.09, 0.51, 0.31]","[-0.78, -0.59, -0.43, -0.18, -0.07, 0.16, 0.33, 0.5, 0.54, 0.84]","[-0.20704845814977973, -0.33579335793357934, -0.3444075304540421, -0.5322033898305085, -0.5825105782792666, -0.6316916488222698, -0.5959821428571429, -0.5187319884726225, -0.4603960396039604, 0.10236220472440945]","[0.032467044219145855, 0.04045960175422061, 0.03124198152659732, 0.049291920190956025, 0.030526213068999032, 0.025365965091426905, 0.026826269886468763, 0.03245296139591729, 0.04416540374448464, 0.03120799506139296]","[-0.21485179999999998, -0.276622225, -0.36391942499999996, -0.5172338, -0.575267325, -0.6422416, -0.617590325, -0.504375, -0.4623913999999999, 0.07912960000000006]"
"[0.29, -0.21, -0.33, 0.63]","[-0.72, -0.58, -0.46, -0.27, -0.13, 0.12, 0.23, 0.37, 0.56, 0.79]","[0.4697142857142857, 0.652794292508918, 0.7276595744680852, 0.7099447513812155, 0.6574074074074074, 0.3313953488372093, 0.1488862837045721, 0.0925589836660617, -0.03664921465968586, -0.07441860465116279]","[0.029844712186265922, 0.026121904186348785, 0.04474569009008554, 0.026173519207699877, 0.029601663613938387, 0.05086967853344581, 0.033857727199550144, 0.04241855299286552, 0.03615442509947206, 0.04809056067708801]","[0.4421263999999999, 0.6510806, 0.7282538000000001, 0.6997637750000001, 0.5933242249999999, 0.3119936, 0.182327525, 0.03966297499999999, -0.07043679999999997, 0.010156924999999949]"
"[0.4304952127298416, -0.5223341914455412, -0.5108543191060787, -0.017219808509193663]","[-0.78, -0.66, -0.5, -0.23, -0.11, 0.11, 0.17, 0.35, 0.59, 0.72]","[0.621978021978022, 0.6652601969057665, 0.7600806451612904, 0.7597977243994943, 0.7610738255033557, 0.6009615384615384, 0.5899280575539568, 0.4613861386138614, 0.02681992337164751, -0.09368635437881874]","[0.025957347520569857, 0.028000122322741162, 0.02063208365284663, 0.023117011703183987, 0.023765256692970985, 0.039187825243710436, 0.03424375400986517, 0.03947985652804768, 0.06187618002157697, 0.031770928875181785]","[0.6274194504575763, 0.6921996812768224, 0.7479854321180999, 0.7601058956839447, 0.7313231579589125, 0.6219775748232987, 0.5791595738757206, 0.416430575383947, 0.11740067950988484, -0.08486931862096514]"
"[-0.05, 0.87, 0.37, -0.65]","[-0.82, -0.65, -0.39, -0.34, -0.06, 0.02, 0.23, 0.46, 0.62, 0.75]","[-0.4966442953020134, -0.7519623233908949, -0.7416666666666667, -0.7741273100616016, -0.4076086956521739, -0.2021505376344086, 0.21844127332601537, 0.5923076923076923, 0.6934865900383141, 0.7675438596491229]","[0.05027923517462108, 0.02611869610124418, 0.043297928912918546, 0.028685324819381186, 0.0336594023790872, 0.03211429789325111, 0.03233135608487953, 0.028849112274329018, 0.044595944588102406, 0.030017408089472498]","[-0.4787450000000001, -0.7534968750000001, -0.773741125, -0.734273, -0.343351, -0.197891, 0.19893812500000002, 0.572967, 0.734959, 0.7753906249999999]"
"[0.3050260081510081, 0.29860440797940796, 0.1316428035178035, -0.016054000429000428]","[-0.79, -0.57, -0.36, -0.34, -0.12, 0.0, 0.29, 0.42, 0.58, 0.72]","[0.2132132132132132, 0.053203040173724216, 0.12154696132596685, 0.1385390428211587, 0.17290552584670232, 0.19069767441860466, 0.32924961715160794, 0.39855072463768115, 0.5077239958805355, 0.5229357798165137]","[0.03785820164771359, 0.032904452149285154, 0.0521691452224276, 0.03514645382024746, 0.04158413242756703, 0.06694789355184724, 0.03695108081038937, 0.03903633851220959, 0.02764748568092464, 0.03333038603608602]","[0.12730866488698517, 0.12686276502506968, 0.1505017589017589, 0.15389589567245815, 0.20339519519519517, 0.2392046063921064, 0.3484112620153636, 0.40659164186507935, 0.4849582817192192, 0.5589232357357358]"
"[-0.09, -0.17, 0.45, 0.65]","[-0.7, -0.57, -0.48, -0.33, -0.11, 0.11, 0.33, 0.36, 0.65, 0.71]","[0.3215547703180212, 0.24868835257082897, 0.2509505703422053, 0.14925373134328357, -0.18170878459687123, -0.4753246753246753, -0.518, -0.6255707762557078, -0.3413173652694611, -0.14809590973201692]","[0.03249721433537277, 0.0313754989474774, 0.04220680146397311, 0.06040050792017667, 0.034112116370485716, 0.04483929321093078, 0.02704951016192345, 0.052718828739164586, 0.051431672485223394, 0.037141660760700655]","[0.25987499999999986, 0.256018875, 0.21040799999999998, 0.07795987500000004, -0.183045375, -0.430619625, -0.5609448750000001, -0.563904, -0.327796875, -0.20607712500000014]"
"[-0.08388823606214911, 0.2449536493014754, -0.0033555294424859644, 0.285220002611307]","[-0.81, -0.53, -0.39, -0.29, -0.01, 0.1, 0.26, 0.47, 0.62, 0.78]","[-0.3333333333333333, -0.11587982832618025, -0.048180924287118974, -0.052256532066508314, -0.0880503144654088, -0.10876132930513595, -0.13043478260869565, -0.16216216216216217, -0.08341915550978372, 0.07413509060955518]","[0.037925341599238285, 0.06507083843425478, 0.03132094461880103, 0.034415189826634746, 0.05585941309960117, 0.03863554577918185, 0.0623323607096953, 0.043355926439845816, 0.031979673714561875, 0.04047705613119971]","[-0.3163269769225749, -0.09285660154719938, -0.053951670420420435, -0.046990205150803, -0.08038292417417417, -0.09983538973756365, -0.11756600731165949, -0.09524322186316754, -0.027588827523175347, 0.11046302258780519]"
"[0.10442260442260441, 0.34310284310284306, 0.44255294255294253, -0.1243126243126243]","[-0.82, -0.56, -0.42, -0.19, -0.09, 0.09, 0.17, 0.49, 0.62, 0.7]","[0.027777777777777776, -0.1111111111111111, -0.24524076147816348, -0.19576719576719576, -0.17094972067039105, -0.007575757575757576, -0.03560830860534125, 0.2564102564102564, 0.3925, 0.48998664886515353]","[0.035519741186653214, 0.03572169053114164, 0.03244181575918961, 0.07133182037638407, 0.03293426995445931, 0.061543979344447844, 0.03849413320666852, 0.06318652960172377, 0.032518143973787925, 0.03185231868356245]","[0.06661117936117932, -0.1506589446589446, -0.19914932139932134, -0.19137661240786238, -0.15891174900549898, -0.06404194819819821, -0.009168864075114087, 0.26545860755235745, 0.3925887153387152, 0.4725247162747161]"
"[-0.3553683315349251, -0.2538345225249465, 0.3184469464403874, 0.2169131374304088]","[-0.72, -0.6, -0.5, -0.34, -0.09, 0.16, 0.24, 0.35, 0.52, 0.81]","[0.005701254275940707, -0.09581646423751687, -0.18478260869565216, -0.2653061224489796, -0.46285714285714286, -0.5779816513761468, -0.6361031518624641, -0.6585987261146496, -0.5662337662337662, -0.3935483870967742]","[0.033767051872082426, 0.03656689662412338, 0.041829869960067295, 0.031599206325113725, 0.03868710294033948, 0.05526986382398251, 0.02920564327534988, 0.026857674369921054, 0.02970371706978741, 0.05221295312695103]","[-0.05234640135933362, -0.11224101068739453, -0.17335744095169642, -0.28375755137827724, -0.45898961796848464, -0.59281492807181, -0.6185904854340086, -0.6355482814630716, -0.6103666161180514, -0.3821563309660801]"
"[0.2666094666094666, 0.1721149721149721, 0.06412126412126412, 0.20586300586300585]","[-0.79, -0.59, -0.45, -0.28, -0.13, 0.01, 0.24, 0.49, 0.65, 0.74]","[0.1747700394218134, 0.28008998875140606, 0.28650646950092423, 0.2277992277992278, 0.23140495867768596, 0.25029103608847497, 0.20310077519379846, 0.2558139534883721, 0.3048128342245989, 0.40748898678414097]","[0.03569205849825654, 0.03219648616326375, 0.04119100369571581, 0.06050327895049085, 0.06253764965504857, 0.03303355610839061, 0.03855430228892163, 0.03296508408662056, 0.040210877646363934, 0.030305942294880955]","[0.1488065635635636, 0.24297083354783355, 0.26863329400829394, 0.2690620037180037, 0.2528119458029458, 0.233192172029172, 0.21440044844844844, 0.25121807679107677, 0.32768180680680686, 0.39462676047476053]"
"[0.16114565893326957, -0.14682160036142336, 0.26141406893619284, -0.23992798107842359]","[-0.76, -0.56, -0.44, -0.23, -0.13, 0.07, 0.28, 0.41, 0.64, 0.83]","[0.2777777777777778, 0.10478654592496765, 0.1055753262158956, -0.00723589001447178, 0.02903225806451613, 0.038135593220338986, 0.1683991683991684, 0.05627705627705628, 0.22247191011235956, 0.1434643995749203]","[0.04827424565299551, 0.03576948947750569, 0.03424934475643072, 0.03804079693431169, 0.040144037599938585, 0.03252355203543788, 0.03178085238077016, 0.046450478516465624, 0.03268003288975141, 0.03226184656754028]","[0.35830085519147475, 0.13942637540195066, 0.06369736958197132, 0.009473654810784245, 0.010684127285471303, 0.04706920561601427, 0.10767337532222492, 0.142372843202716, 0.17017726434399003, 0.13445000945082256]"
"[0.23926955124138222, -0.2588017595059849, -0.4736560504166138, -0.20020513471217696]","[-0.74, -0.62, -0.43, -0.2, -0.14, 0.07, 0.18, 0.47, 0.61, 0.7]","[0.3054545454545455, 0.2601626016260163, 0.3681462140992167, 0.5175438596491229, 0.4358288770053476, 0.5041128084606346, 0.4052044609665427, 0.312, 0.0794979079497908, -0.021367521367521368]","[0.040602228345949794, 0.061562164388592286, 0.04750892083454116, 0.056667247933273525, 0.03290833952234588, 0.029605123027183634, 0.03218228257963851, 0.060088468111610234, 0.04559417314473764, 0.04621446264707305]","[0.259141912912913, 0.29654003675506496, 0.3666757896787633, 0.4433811276064797, 0.45773466383284694, 0.4753499445554709, 0.4576299711965487, 0.28669469289536015, 0.12343817266738563, -0.0146613638286173]"
"[-0.29416614152069254, 0.42737345088855333, 0.005550304556994199, -0.4717758873445069]","[-0.71, -0.67, -0.41, -0.22, -0.05, 0.06, 0.23, 0.45, 0.56, 0.83]","[-0.7150684931506849, -0.725531914893617, -0.6080178173719376, -0.5486111111111112, -0.2454212454212454, -0.2602739726027397, -0.06216696269982238, 0.0932475884244373, 0.15036496350364964, 0.039525691699604744]","[0.02587316402336093, 0.022446234590892143, 0.03746756083967213, 0.028443939518469682, 0.0586717575722337, 0.03573604640391824, 0.04206345685688186, 0.03992164526741046, 0.03777363189831127, 0.04442068295847518]","[-0.6764864521227916, -0.6989471470888079, -0.6796189052571453, -0.53368786958641, -0.35352491428757143, -0.2290638442194291, -0.049792545347671566, 0.108034943731718, 0.1341619617516637, -0.02351324084644312]"
"[-0.33458632490781853, -0.387695265369377, 0.07966341069233775, 0.41956062964631213]","[-0.73, -0.55, -0.51, -0.33, -0.06, 0.13, 0.24, 0.41, 0.53, 0.75]","[-0.0498960498960499, 0.0825242718446602, 0.03907380607814761, -0.0893760539629005, -0.28688524590163933, -0.5190476190476191, -0.5922671353251318, -0.7216748768472906, -0.7371601208459214, -0.6140350877192983]","[0.03220113478270511, 0.049098418709744115, 0.03801274136453632, 0.04090073371606776, 0.06132742198420971, 0.041707301209654546, 0.03377844802259345, 0.02429258670108768, 0.026262529918031668, 0.03152075620681344]","[0.0236568066074913, 0.0465881583655128, 0.03621327373740687, -0.0634774387395739, -0.3131922379859271, -0.5023088333136542, -0.5971237865709157, -0.6990244018922073, -0.7237237237237238, -0.6274738332813666]"
"[0.22937317703828566, -0.3544858190591687, -0.3211224478535999, 0.3461449762577765]","[-0.72, -0.6, -0.36, -0.32, -0.12, 0.07, 0.22, 0.46, 0.62, 0.71]","[0.472636815920398, 0.5300207039337475, 0.5575221238938053, 0.5576131687242798, 0.5331807780320366, 0.28484848484848485, 0.23658051689860835, -0.013664596273291925, -0.16960651289009498, -0.15914489311163896]","[0.0358875718228148, 0.027283460536416747, 0.045088215119709944, 0.02662549974540689, 0.028616422009464144, 0.05276768239262989, 0.04332203281110727, 0.035242078160265616, 0.0363017960237864, 0.03402306230197947]","[0.4463011493494699, 0.5538319620124424, 0.6016670291121388, 0.5918388472224024, 0.48634720380751423, 0.32671174044929435, 0.18362056816081296, -0.02966245584616307, -0.13068073844980846, -0.16348893273246307]"
"[-0.09454767267267267, -0.2958427177177177, -0.24704391891891894, -0.04574887387387387]","[-0.81, -0.53, -0.48, -0.25, -0.06, 0.01, 0.2, 0.5, 0.67, 0.76]","[-0.03801652892561983, 0.05853658536585366, 0.04, 0.05970149253731343, 0.027692307692307693, -0.009615384615384616, 0.0, -0.1276595744680851, -0.35314285714285715, -0.3939393939393939]","[0.040626391770762556, 0.04930179505398992, 0.041669507149556695, 0.032592916738507144, 0.039208184704701145, 0.040030187815001866, 0.03363363969981562, 0.045749154928751985, 0.03162801872569826, 0.03771262401288384]","[0.030675801778340842, 0.06233600495026275, 0.06530987237237239, 0.06440583650056307, 0.04129811843093094, 0.02666492175769521, -0.03220720720720719, -0.1915734093468468, -0.3240086600272148, -0.4079579579579579]"
"[-0.21, -0.43, 0.39, 0.51]","[-0.71, -0.59, -0.35, -0.32, -0.13, 0.13, 0.28, 0.47, 0.52, 0.72]","[0.25413223140495866, 0.18471337579617833, 0.013452914798206279, -0.07272727272727272, -0.24912280701754386, -0.5778748180494906, -0.6771929824561403, -0.7006802721088435, -0.6230031948881789, -0.46060606060606063]","[0.03108600454672263, 0.045284684981206295, 0.06695889305475808, 0.0672414490610196, 0.05736732449209569, 0.031137126743024345, 0.04358535342722359, 0.024023966592470563, 0.044213648419675386, 0.034549965068897966]","[0.28201197499999997, 0.24183027499999996, 0.030246875000000006, -0.0044752000000000125, -0.242564675, -0.5476623249999999, -0.6657472, -0.705049175, -0.6889408, -0.4862447999999999]"
"[0.08471294824236002, 0.02229288111641053, -0.3878961314255432, 0.43248189365836426]","[-0.7, -0.6, -0.51, -0.3, -0.14, 0.02, 0.21, 0.46, 0.65, 0.69]","[-0.00688298918387414, 0.1656441717791411, 0.29642857142857143, 0.3972602739726027, 0.38571428571428573, 0.20987654320987653, 0.0888030888030888, -0.11157894736842106, -0.1, -0.059602649006622516]","[0.031356619484668426, 0.0546197678870534, 0.040358440921873025, 0.048034926640142486, 0.05513698816182156, 0.048583689703547116, 0.04376388938751277, 0.04559663280513861, 0.06170650134055817, 0.057441231823046626]","[0.061205105105105136, 0.2115148560325031, 0.303379728369546, 0.38503149620208443, 0.3519902362126833, 0.2659083267267267, 0.13146443043631867, -0.027374855467231944, -0.07742178281222402, -0.0754061942589648]"
"[0.2879001341767299, 0.31156315890358444, -0.07493291163503929, 0.2169110599961664]","[-0.85, -0.54, -0.41, -0.22, -0.01, 0.05, 0.22, 0.44, 0.63, 0.69]","[-0.05289672544080604, 0.2384937238493724, 0.16908212560386474, 0.29545454545454547, 0.30578512396694213, 0.35605170387779084, 0.35255570117955437, 0.34611503531786075, 0.4153846153846154, 0.4533508541392904]","[0.05011829674488814, 0.044419094420425416, 0.06850407212414981, 0.04554484831585456, 0.04997231900320327, 0.032033090708082586, 0.03387790268578725, 0.02980265367076042, 0.028206921226852474, 0.032310765223753445]","[-0.07713529836352308, 0.21465557935595164, 0.2747573451576576, 0.3171890430323941, 0.32549284209076096, 0.3244632047273337, 0.3226638781866973, 0.34372594211232504, 0.4076540190123634, 0.4404719722182289]"
"[0.37378171370918395, -0.0983636088708379, -0.43935745295640927, 0.386896861558629]","[-0.69, -0.62, -0.48, -0.26, -0.01, 0.01, 0.17, 0.39, 0.67, 0.76]","[0.47699757869249393, 0.504885993485342, 0.6688524590163935, 0.7191283292978208, 0.5796178343949044, 0.5849056603773585, 0.46944444444444444, 0.35737704918032787, 0.15294117647058825, 0.10166919575113809]","[0.043248068437084404, 0.04926462922270451, 0.03009919088471152, 0.02417787309126054, 0.02655050001431117, 0.02626037517751534, 0.03290605131743854, 0.053478405162750965, 0.03789709356657595, 0.038752617506883004]","[0.43025470425821905, 0.5304055635083051, 0.6604295327421389, 0.7083736606750057, 0.6001806583393791, 0.5866084147995113, 0.4637858420983293, 0.28590040315094983, 0.1337947873617017, 0.12157846977618356]"
"[-0.40559809809809805, -0.41889639639639636, 0.28591341341341336, -0.2593168168168168]","[-0.72, -0.56, -0.36, -0.34, -0.17, 0.14, 0.27, 0.45, 0.55, 0.76]","[-0.06235565819861432, -0.2883435582822086, -0.4264884568651276, -0.5190839694656488, -0.5097087378640777, -0.5476635514018692, -0.5146198830409356, -0.5555555555555556, -0.5565410199556541, -0.6470588235294118]","[0.03391525527383506, 0.03749965219464792, 0.031528644157059874, 0.037338758505402685, 0.04238625563046801, 0.0361736371828857, 0.0463638791138976, 0.05435551005224762, 0.027663284501861916, 0.03855825230346324]","[-0.06271158318318314, -0.2834548240240239, -0.451954902102102, -0.46332375030030026, -0.5278888004316816, -0.5461168277777778, -0.5381292215277776, -0.5342487448385884, -0.5431378261073573, -0.6081641609609608]"
"[0.03080630630630631, -0.19804054054054054, 0.4356891891891892, -0.21564414414414415]","[-0.81, -0.53, -0.38, -0.28, -0.07, 0.13, 0.18, 0.44, 0.67, 0.69]","[0.45838218053927315, 0.010526315789473684, -0.0888468809073724, -0.06539833531510107, -0.14574314574314573, -0.16470588235294117, -0.16486902927580893, -0.06053268765133172, -0.013623978201634877, -0.03584672435105068]","[0.030430397906077877, 0.05129607548022969, 0.043306317218903885, 0.034408939221959686, 0.03758125272302891, 0.05349194475692081, 0.03871626874606253, 0.03473064450811123, 0.03690724782090699, 0.03513553155557182]","[0.42665577897522533, 0.010324876587837858, -0.11074770297297297, -0.15908587819819817, -0.19243085519144143, -0.16087265496621622, -0.14643126369369372, -0.05125042738738741, 0.028223780641891887, 0.033550257015765715]"
"[0.23761444371200469, 0.12794623892184867, 0.22194755731341095, 0.054834102395078]","[-0.79, -0.61, -0.46, -0.32, -0.02, 0.11, 0.33, 0.43, 0.56, 0.73]","[0.2882758620689655, 0.12915129151291513, 0.20801232665639446, 0.14935064935064934, 0.14545454545454545, 0.18930041152263374, 0.2106537530266344, 0.25030826140567203, 0.25354330708661416, 0.376271186440678]","[0.03556241773225357, 0.06023692287842892, 0.03839481202031716, 0.05634121416943521, 0.042186662588733624, 0.0445407603170871, 0.04810261922806267, 0.03399691315268648, 0.03838708344590414, 0.031144278691323912]","[0.2307293758972387, 0.1915309436296052, 0.16272375001831096, 0.14161737288508022, 0.1258588352010547, 0.1358779330824727, 0.18290160954552112, 0.21874594421555701, 0.2807084081154326, 0.3907403523126785]"
"[0.05, -0.19, -0.21, 0.45]","[-0.76, -0.63, -0.39, -0.31, -0.16, 0.08, 0.17, 0.5, 0.53, 0.83]","[0.15309446254071662, 0.2670157068062827, 0.3904109589041096, 0.4171779141104294, 0.23671497584541062, 0.10320284697508897, 0.0782608695652174, -0.25, -0.17358490566037735, -0.15691489361702127]","[0.03988097285664503, 0.04025881825547847, 0.031105566372013133, 0.05033515243332544, 0.033764709090474625, 0.05933646062968182, 0.053673063880889244, 0.04702217461645492, 0.042777799755685256, 0.03601450867804099]","[0.13660799999999998, 0.293623625, 0.377704625, 0.35936362499999996, 0.280728, 0.08435999999999999, 0.004373624999999978, -0.21562499999999998, -0.22444687500000005, -0.13669312500000008]"
"[0.27, 0.65, 0.27, -0.23]","[-0.79, -0.57, -0.43, -0.18, -0.11, 0.06, 0.23, 0.43, 0.64, 0.68]","[-0.21311475409836064, -0.17829457364341086, -0.1810810810810811, -0.01532567049808429, 0.0, 0.20937042459736457, 0.3650107991360691, 0.6152219873150105, 0.7888888888888889, 0.7736351531291611]","[0.06254775557771691, 0.043317178973290696, 0.03615300895993917, 0.04376367052590504, 0.048112522432468816, 0.03741587000738908, 0.04326739195160532, 0.03624855195253665, 0.02048452860596272, 0.023121535256126317]","[-0.11479207500000004, -0.194079525, -0.17224897500000003, -0.027624599999999985, 0.031215825000000003, 0.1960338, 0.37827847500000006, 0.5920179750000001, 0.7869552000000001, 0.8180736000000001]"
"[-0.23410021591839777, -0.2933660933660934, -0.13334822425731518, -0.05630258357531086]","[-0.81, -0.67, -0.42, -0.31, -0.03, 0.08, 0.2, 0.41, 0.54, 0.75]","[-0.012925969447708578, 0.0, -0.09989701338825953, -0.11500547645125958, -0.09004739336492891, -0.14714714714714713, -0.19540229885057472, -0.23883495145631067, -0.38705035971223023, -0.46594594594594596]","[0.03427669466384615, 0.06201736729460423, 0.031930998383891414, 0.03287557845411185, 0.06856316377104181, 0.038327412725044196, 0.04292508714634021, 0.04279002392498399, 0.034975675392075654, 0.02909247837140816]","[-0.054638108815426994, -0.07491060967165517, -0.10453854783709332, -0.11769218706723254, -0.16133495692800243, -0.18549129148983698, -0.21833549251731071, -0.29640494382398924, -0.3607292898518354, -0.49600446262378084]"
"[-0.13, 0.21, -0.23, -0.45]","[-0.8, -0.59, -0.48, -0.24, -0.08, 0.12, 0.3, 0.34, 0.53, 0.71]","[-0.34048257372654156, -0.34365325077399383, -0.3744075829383886, -0.24970414201183433, -0.10067114093959731, 0.1266490765171504, 0.1608832807570978, 0.1452991452991453, 0.20054945054945056, -0.04560260586319218]","[0.034425028634692476, 0.05225273314825497, 0.03191775126445937, 0.0333112956207278, 0.040753501133861496, 0.03602915873170943, 0.05543395109198191, 0.04090614979730913, 0.036309489229164986, 0.0403147309086713]","[-0.3678, -0.426193125, -0.394872, -0.23171999999999998, -0.08743200000000001, 0.08428799999999999, 0.18907499999999997, 0.201801, 0.189652875, 0.03678562500000005]"
"[0.30285285285285285, -0.1428551192702136, -0.40570853872740664, -0.3599949005609383]","[-0.71, -0.65, -0.5, -0.32, -0.08, 0.13, 0.32, 0.36, 0.65, 0.8]","[0.21823472356935014, 0.24765729585006693, 0.2522255192878338, 0.34759358288770054, 0.4782608695652174, 0.5621301775147929, 0.5805626598465473, 0.5593607305936074, 0.3349282296650718, -0.08214285714285714]","[0.030393054068721975, 0.035448283573626546, 0.037273197174727137, 0.03066428013308849, 0.05286250077168077, 0.031809567973884664, 0.029116289417653488, 0.028006758257080232, 0.032588177784403954, 0.042114905552301796]","[0.239078513378945, 0.23760913419315535, 0.26749621083347497, 0.3457971588191966, 0.47050213519179557, 0.5450729788727406, 0.5409834225168565, 0.5278169804521502, 0.259569537402969, -0.02685676242280028]"
"[-0.07889219413998372, 0.4786126444492346, -0.49965056288656357, -0.4365368075745766]","[-0.79, -0.53, -0.49, -0.27, -0.15, 0.12, 0.21, 0.44, 0.53, 0.82]","[-0.6407506702412868, -0.5439739413680782, -0.40397350993377484, -0.18796992481203006, -0.04859335038363171, 0.3262786596119929, 0.3643031784841076, 0.38848920863309355, 0.37902097902097903, -0.047619047619047616]","[0.03975253810452342, 0.04789008693953768, 0.037221491230072644, 0.03476861048266003, 0.050512430069798164, 0.039697761061566646, 0.03256145579672271, 0.03907832327922842, 0.03460755197630969, 0.03446413640265456]","[-0.6541407155593228, -0.4778304151956376, -0.43599551508188306, -0.16824563785861857, -0.01225951825187787, 0.29426493883355803, 0.36579203385131237, 0.431573541856842, 0.3986410604577266, -0.005342894955936194]"
"[-0.65, 0.29, -0.09, -0.13]","[-0.73, -0.56, -0.43, -0.2, -0.12, 0.14, 0.32, 0.5, 0.64, 0.68]","[-0.9141274238227147, -0.8679611650485437, -0.7933333333333333, -0.6985294117647058, -0.6507042253521127, -0.4986072423398329, -0.528046421663443, -0.4782608695652174, -0.4581589958158996, -0.48990435706695007]","[0.015088430609187438, 0.021884223868028088, 0.03514836279839229, 0.030680297043115076, 0.028497195589942147, 0.03234973442534489, 0.03734845527395926, 0.03460663017298409, 0.028748118631420027, 0.028419091503381955]","[-0.904560975, -0.8618608, -0.8126717250000001, -0.7048, -0.6645824000000001, -0.5406378000000001, -0.4742736000000001, -0.436875, -0.4350928, -0.4398144]"
"[-0.2819119667820888, -0.4105033902265504, -0.13353724742309472, 0.1731038392521598]","[-0.81, -0.6, -0.5, -0.21, -0.13, 0.11, 0.22, 0.45, 0.67, 0.74]","[0.027777777777777776, 0.10185185185185185, -0.009174311926605505, -0.1079913606911447, -0.14435695538057744, -0.2647058823529412, -0.3578199052132701, -0.528957528957529, -0.6365461847389559, -0.6883116883116883]","[0.03725341884127565, 0.06768753784152523, 0.05529779906146188, 0.03266985628582688, 0.03584673318583059, 0.05229809342626934, 0.03214239857350808, 0.037287465483195704, 0.024437629706601804, 0.0477288073019369]","[-0.03372130793711781, 0.021365959587695164, 0.015764813931893135, -0.08725119731385887, -0.1323585957461867, -0.29070854748768604, -0.3676651358356195, -0.5178416806928294, -0.6239092035105984, -0.6453840330486231]"
"[-0.40192501716345275, -0.01651746645877203, 0.41293666146930075, 0.18169213104649234]","[-0.77, -0.62, -0.38, -0.25, -0.12, 0.15, 0.17, 0.34, 0.61, 0.82]","[-0.18421052631578946, -0.2644628099173554, -0.5153061224489796, -0.46441947565543074, -0.554945054945055, -0.6786389413988658, -0.6159122085048011, -0.5704225352112676, -0.4369747899159664, -0.18766066838046272]","[0.037581616485360486, 0.03579208829136752, 0.04328534889539903, 0.038324324392410486, 0.0436027265628466, 0.03193356724289323, 0.02917832574529733, 0.04873823914918556, 0.058304223616336484, 0.04980123664189165]","[-0.22594640164604804, -0.29933536333734884, -0.4340346416099764, -0.5045139689972322, -0.5655721464530659, -0.636282057672086, -0.6374003727386771, -0.6172159874323916, -0.4511350507537446, -0.17848300754643906]"
"[0.07602873143413684, -0.13685171658144635, -0.4713781348916485, -0.2179490301111923]","[-0.76, -0.57, -0.5, -0.3, -0.17, 0.06, 0.22, 0.42, 0.53, 0.8]","[-0.05, 0.08735332464146023, 0.1022864019253911, 0.2291220556745182, 0.30093071354705275, 0.29775280898876405, 0.3517877739331027, 0.09206349206349207, 0.09408341416100872, -0.3008849557522124]","[0.035311117229563836, 0.0359698808648522, 0.03450766830806096, 0.03185054572466163, 0.030667188129336973, 0.05059597801051712, 0.03179093619444105, 0.056104333461045375, 0.031005589295878298, 0.06343654914373448]","[-0.0019528233097962882, 0.07455730938032631, 0.10802415591266946, 0.20577176162649138, 0.26164830483524065, 0.32045897419040664, 0.31350974539404275, 0.22645279303627955, 0.13272169650393634, -0.26772250629007405]"
"[-0.2660917491700718, -0.6035739676296752, 0.36993243177302665, 0.46079302905061215]","[-0.79, -0.55, -0.44, -0.32, -0.13, 0.07, 0.22, 0.39, 0.65, 0.74]","[0.3157894736842105, 0.27977839335180055, 0.015873015873015872, 0.014124293785310734, -0.2802197802197802, -0.5596330275229358, -0.6954732510288066, -0.7785467128027682, -0.7682619647355163, -0.652605459057072]","[0.03627939438019786, 0.035729904966049705, 0.06298614257293926, 0.037578552459866084, 0.050314310844446514, 0.032406319335633406, 0.032594180004590564, 0.021313960421816252, 0.03212748352790143, 0.037743621051071916]","[0.3501451191749406, 0.23725770650276312, 0.12793587459414452, -0.017660184890284526, -0.27589182716647226, -0.538577277445034, -0.6967825325417667, -0.8032811958921173, -0.7418463546965043, -0.638509477880347]"
"[0.11317460317460318, -0.2905834405834406, -0.2294079794079794, -0.23552552552552553]","[-0.71, -0.52, -0.36, -0.33, -0.1, 0.07, 0.3, 0.41, 0.55, 0.74]","[0.2147562582345191, 0.1810344827586207, 0.18932655654383734, 0.14666666666666667, 0.18962722852512157, 0.23577235772357724, 0.1875, 0.12643678160919541, 0.0783132530120482, -0.13675213675213677]","[0.03545079072892181, 0.03727858997051945, 0.035001460397690504, 0.046630673950592005, 0.039528040520132465, 0.04381250228380973, 0.031186932327240378, 0.04341755167664871, 0.0386883406521094, 0.06475789405378217]","[0.2206342482947233, 0.18501612835692838, 0.18817963380523378, 0.19087240172672673, 0.21875580223080224, 0.2303798204311454, 0.19982199699699701, 0.15516072156799657, 0.060308490186615174, -0.152757022994423]"
"[-0.39515261530186907, -0.12118013535923987, -0.07903052306037382, -0.11064273228452334]","[-0.7, -0.54, -0.46, -0.26, -0.05, 0.1, 0.19, 0.35, 0.65, 0.77]","[-0.29537366548042704, -0.3935340022296544, -0.4195583596214511, -0.39622641509433965, -0.4125874125874126, -0.3210332103321033, -0.29760225669957685, -0.3360488798370672, -0.46726190476190477, -0.44240400667779634]","[0.0329050973300086, 0.03069486953396159, 0.03605049873147749, 0.04458944339437857, 0.05386371130005311, 0.0406800511838969, 0.035854133588135696, 0.030055467228883487, 0.03410562881988568, 0.036642902841798844]","[-0.3501974194343597, -0.3708330266236386, -0.37439846232799967, -0.3704332375509839, -0.35813834053269694, -0.3526210221415446, -0.3533051498644167, -0.3663443431771324, -0.45257652265138276, -0.5177196441385417]"
"[-0.2709275313048898, 0.39694033656297806, 0.3717377755113604, 0.17011728709841917]","[-0.69, -0.59, -0.39, -0.21, -0.13, 0.09, 0.18, 0.35, 0.6, 0.79]","[-0.30434782608695654, -0.36645962732919257, -0.48375451263537905, -0.475103734439834, -0.45829244357212956, -0.5033783783783784, -0.3991228070175439, -0.3326530612244898, -0.0681198910081744, 0.2265625]","[0.06620756414146792, 0.05185105704396836, 0.03718384347687619, 0.028340630363119422, 0.0278431051532998, 0.0355128975471996, 0.04293765842225266, 0.03012460416977607, 0.03682493528741619, 0.03514607600181271]","[-0.42884997642925954, -0.43368083483483477, -0.4525005322681171, -0.465915130942263, -0.46673660841974046, -0.4392109697999886, -0.4107320600600601, -0.32063761402912344, -0.07913604170207945, 0.21288592294180972]"
"[0.25500556736511787, -0.19410871545703, 0.1179876505719202, -0.11037554408340922]","[-0.84, -0.53, -0.4, -0.29, -0.05, 0.14, 0.29, 0.46, 0.66, 0.69]","[0.5154185022026432, 0.26851851851851855, 0.31645569620253167, 0.21836506159014557, 0.19012345679012346, 0.1349206349206349, 0.19715808170515098, 0.16257668711656442, 0.14350797266514806, 0.2]","[0.04021812135635286, 0.03784099704588771, 0.04357097590882741, 0.032656149130137466, 0.048784056067181024, 0.04413625238225853, 0.04131774142348648, 0.03864199416299512, 0.04723337739646462, 0.055648667491220195]","[0.5084180730843202, 0.3019358499848163, 0.25340702500253065, 0.22590392286668692, 0.1979159580929243, 0.19472704686709177, 0.19588784553092412, 0.193471353780747, 0.1749335908492762, 0.16992789816783072]"
"[-0.08684614847405543, 0.3885222431734059, -0.4525141420490257, -0.14169634751030097]","[-0.77, -0.56, -0.43, -0.27, -0.1, 0.02, 0.32, 0.48, 0.66, 0.7]","[-0.5232120451693852, -0.3542319749216301, -0.20704845814977973, -0.09517601043024772, 0.10128055878928988, 0.05475504322766571, 0.2111368909512761, 0.28509406657018815, 0.15724815724815724, 0.08185840707964602]","[0.03018656243771987, 0.03702324331234899, 0.06493408843829171, 0.03594399393752286, 0.033944113632620086, 0.053602278685087844, 0.03329230057515318, 0.036463041042860155, 0.0346139292707469, 0.033147885335293274]","[-0.5641312917539633, -0.34783875354424193, -0.21638795470179478, -0.06538700226098189, 0.07287077484461202, 0.15115791542705495, 0.2506383501641176, 0.23235787582931766, 0.1385994138557162, 0.10605514526154063]"
"[-0.1558736367946894, -0.25978939465781564, -0.1558736367946894, -0.035970839260312935]","[-0.69, -0.56, -0.49, -0.31, -0.01, 0.1, 0.25, 0.42, 0.56, 0.79]","[-0.009615384615384616, 0.00558659217877095, 0.03333333333333333, -0.00558659217877095, -0.10136986301369863, -0.09865005192107996, -0.14381270903010032, -0.23026315789473684, -0.2807570977917981, -0.4666666666666667]","[0.040030187815001866, 0.05285081750153469, 0.05267533918281582, 0.037371171446587845, 0.03682100634209548, 0.03206736431090584, 0.040467954718096714, 0.039465567898276335, 0.053906551109216966, 0.0523893059337335]","[-0.017687251348387858, -0.02020058384700489, -0.022636638992611025, -0.033918712872411876, -0.07590177815809228, -0.10094816362415046, -0.14541336669728935, -0.21229341856330008, -0.2823189704441283, -0.43080366728406033]"
"[-0.71, 0.27, 0.49, 0.11]","[-0.7, -0.56, -0.41, -0.24, -0.12, 0.1, 0.32, 0.5, 0.66, 0.69]","[-0.76905311778291, -0.8454746136865342, -0.9, -0.9402460456942003, -0.9538670284938942, -0.963963963963964, -0.799410029498525, -0.7680412371134021, -0.5444191343963554, -0.4346895074946467]","[0.03071726470740545, 0.017741480485408603, 0.016715614398097437, 0.014274325493310102, 0.01105909204662989, 0.011292465492481508, 0.03263020682519145, 0.03251140395059002, 0.04003437606295009, 0.04167389027652176]","[-0.7626750000000001, -0.8315984, -0.893449775, -0.9416655999999999, -0.9574911999999999, -0.936875, -0.8371247999999999, -0.684375, -0.4864726, -0.44227652500000003]"
"[-0.14573625349487418, 0.1781220876048462, 0.43720876048462254, 0.1565315315315315]","[-0.71, -0.65, -0.39, -0.34, -0.12, 0.06, 0.3, 0.42, 0.53, 0.82]","[-0.20218579234972678, -0.2019704433497537, -0.25722543352601157, -0.2846270928462709, -0.40725806451612906, -0.33410672853828305, -0.3, -0.2765151515151515, -0.10633727175080558, 0.2054176072234763]","[0.04179751923883508, 0.06873981572621797, 0.036735169166360854, 0.03740004269155461, 0.04100897002797308, 0.0321028779482233, 0.04031128874149275, 0.04182257281131644, 0.03258785340779313, 0.04649822459880637]","[-0.13356672307005282, -0.15788937509707981, -0.2657013580498602, -0.28463985166200684, -0.3487721155638397, -0.36529569198508854, -0.3117541356011183, -0.2434660135135135, -0.1519007215944392, 0.2459206438334886]"
"[-0.3303444934245298, 0.14883653000445848, 0.2287000339092899, -0.35938576757174123]","[-0.69, -0.67, -0.47, -0.3, -0.14, 0.16, 0.26, 0.5, 0.51, 0.84]","[-0.4804177545691906, -0.5268571428571428, -0.6350148367952523, -0.6185430463576159, -0.5347593582887701, -0.4156378600823045, -0.2647058823529412, -0.17324561403508773, -0.1532690246516613, -0.16851168511685116]","[0.031688735450183546, 0.028733684583387653, 0.029755585891819186, 0.028596403696520264, 0.04369413709990508, 0.041257127312086146, 0.03375827414639013, 0.03261259102617204, 0.03235170812042285, 0.03456999623344879]","[-0.46087620850462124, -0.48137766002849247, -0.5989536180170024, -0.5959360208989491, -0.5318134684073894, -0.32952611031906137, -0.2584377904137368, -0.12728245934832505, -0.1238126532902071, -0.15731309710254665]"
"[-0.23739312816411626, 0.532530530746531, 0.45553816485546633, -0.21172900620042803]","[-0.7, -0.64, -0.43, -0.19, -0.11, 0.1, 0.32, 0.45, 0.65, 0.71]","[-0.5312180143295804, -0.5481927710843374, -0.6539792387543253, -0.6195286195286195, -0.5065420560747663, -0.3433962264150943, -0.11196911196911197, -0.02843016069221261, 0.22580645161290322, 0.3630229419703104]","[0.02710545427086638, 0.03245675263736911, 0.025692511335587878, 0.03220787619299934, 0.037276816112575176, 0.05769402152356677, 0.0617462398762906, 0.035143916123536435, 0.04517615334431679, 0.03422980099442161]","[-0.5438708646392358, -0.5906002262313291, -0.6622871925495266, -0.5983877634400669, -0.5497033090367798, -0.37384605662980114, -0.14049669584289348, 0.007528810779191368, 0.23075053159648354, 0.2934306903516008]"
"[-0.18900861645959682, -0.16777169326188932, -0.1762664625409723, -0.11680307758739131]","[-0.69, -0.68, -0.5, -0.28, -0.14, 0.01, 0.24, 0.41, 0.55, 0.7]","[-0.11320754716981132, -0.1478770131771596, -0.1092436974789916, -0.1053763440860215, -0.1625, -0.10267857142857142, -0.1690929451287794, -0.13740458015267176, -0.14285714285714285, -0.4019607843137255]","[0.0482520908546829, 0.03784325360351375, 0.04075064188928114, 0.04611569895982091, 0.045036877250759735, 0.033231082006906776, 0.032981850109215165, 0.0353305002948632, 0.05515623875038173, 0.04533177065881574]","[-0.13595764082710157, -0.13637162809868691, -0.13419080845551432, -0.11727538675930832, -0.10629695931225341, -0.1008277879349938, -0.11835762036546349, -0.1623989375159473, -0.22535096493552373, -0.32538682800447505]"
"[-0.25910500664599023, -0.15749520011815094, 0.3403928518682617, -0.38103677447939743]","[-0.79, -0.67, -0.45, -0.33, -0.04, 0.08, 0.3, 0.47, 0.65, 0.68]","[0.028968713789107765, -0.2099533437013997, -0.4201388888888889, -0.45819397993311034, -0.4311111111111111, -0.4269503546099291, -0.313180169286578, -0.0639386189258312, -0.2515923566878981, -0.22535211267605634]","[0.0340261097624107, 0.03855717399341703, 0.03781082558375335, 0.05140365136598802, 0.060153256488056986, 0.03405696926622577, 0.03302408672757817, 0.05046869463472012, 0.038620752936916934, 0.05781272659833591]","[0.031914941662974455, -0.19101367154039275, -0.4254291463594742, -0.4761047511445871, -0.44498592231575834, -0.39339659134544386, -0.2848503913749815, -0.22080503175306454, -0.20604404814650717, -0.21116956431841674]"
"[0.08930930930930933, -0.32288750288750295, -0.3366273966273967, -0.32288750288750295]","[-0.72, -0.68, -0.46, -0.22, -0.02, 0.03, 0.2, 0.47, 0.52, 0.82]","[0.17886178861788618, 0.061946902654867256, 0.15057915057915058, 0.18087855297157623, 0.19313304721030042, 0.26916802610114193, 0.23205342237061768, 0.19138755980861244, 0.15254237288135594, -0.38202247191011235]","[0.06272952847076303, 0.046945708174902116, 0.03546575413129537, 0.03535137299240586, 0.0642787527245603, 0.038898969270635, 0.03974356888087834, 0.048007445643380824, 0.05252738926324802, 0.04898001286226746]","[0.18091482966042968, 0.1681719026103026, 0.15508479122199126, 0.20626149863709867, 0.25419861390621395, 0.26199007827442833, 0.2632563640563641, 0.1381522098983599, 0.09153627128667127, -0.39459010016170015]"
"[-0.33382223687101736, 0.4733300373544276, -0.06477147879586904, -0.054806635904196876]","[-0.7, -0.52, -0.5, -0.26, -0.13, 0.05, 0.3, 0.43, 0.61, 0.72]","[-0.7427652733118971, -0.548993288590604, -0.609322974472808, -0.47692307692307695, -0.4647887323943662, -0.259927797833935, -0.1092896174863388, -0.11702127659574468, 0.011547344110854504, -0.10891089108910891]","[0.03796680513078386, 0.030622323065198055, 0.02641606632797056, 0.032870680682471204, 0.04699329991917602, 0.041025604840768705, 0.03673966490691299, 0.036215703159692116, 0.04805372904289919, 0.06994122064673541]","[-0.6909248379477038, -0.59732297604922, -0.5863687239068336, -0.4500365195561415, -0.3749976278702483, -0.27391951803175135, -0.14721809767084162, -0.09141244889859373, -0.029809466284882468, -0.0029551738079543516]"
"[-0.3187738063039271, 0.33219586130619777, 0.0436216787573795, -0.30535175130165654]","[-0.7, -0.59, -0.4, -0.31, -0.07, 0.08, 0.27, 0.47, 0.52, 0.77]","[-0.6169544740973313, -0.6335078534031413, -0.6183206106870229, -0.5710306406685237, -0.335423197492163, -0.2698412698412698, -0.08943089430894309, 0.009852216748768473, 0.017543859649122806, -0.06391752577319587]","[0.031182029424221363, 0.027992795438027747, 0.025953561884288635, 0.043326962129868404, 0.05274565689779923, 0.0542535402718862, 0.036663010075305896, 0.04962675798340733, 0.038230070926991044, 0.04531481062133539]","[-0.5998400268358502, -0.6272573508656166, -0.5973485578760539, -0.556524026992363, -0.3953178313951167, -0.2773388487475175, -0.13747986958282937, -0.03398190013325809, -0.019312726501667116, -0.041825497413053775]"
"[0.4105983949522459, 0.004830569352379364, -0.2850035917903825, -0.2560201756761063]","[-0.79, -0.66, -0.42, -0.34, -0.07, 0.15, 0.24, 0.47, 0.52, 0.77]","[0.32176234979973295, 0.3271461716937355, 0.3405909797822706, 0.5270655270655271, 0.5334773218142549, 0.5907335907335908, 0.6530278232405892, 0.543274244004171, 0.5638766519823789, 0.34579439252336447]","[0.03459606679164181, 0.045517783739259, 0.037078324573450054, 0.04536028391264456, 0.02779518478252867, 0.05013625545566625, 0.03063845080741399, 0.027110654489758874, 0.03875948431180497, 0.05237137449364169]","[0.29466384891623437, 0.2942426353451303, 0.3617867475944841, 0.39662442731829584, 0.5240046934477623, 0.5996502743222254, 0.6129544231333511, 0.5749768854069163, 0.5497141549541933, 0.3068509406410458]"
"[0.47, -0.13, -0.07, 0.13]","[-0.85, -0.58, -0.45, -0.24, -0.04, 0.0, 0.26, 0.36, 0.62, 0.68]","[0.5078031212484994, 0.6347826086956522, 0.5665859564164649, 0.5776805251641138, 0.5072463768115942, 0.5495049504950495, 0.4594594594594595, 0.3941176470588235, 0.3170731707317073, 0.38055555555555554]","[0.02984827559311746, 0.05094972115371672, 0.028670718752611197, 0.026999578788474605, 0.03128139768070442, 0.041567204007052765, 0.04215204688459754, 0.049843026542655024, 0.06046784418595152, 0.03446369807363738]","[0.505796875, 0.5947665999999999, 0.6003718749999999, 0.5724592, 0.5178111999999999, 0.505, 0.41911419999999994, 0.3895552, 0.34059459999999997, 0.33763839999999995]"
"[0.39, 0.53, -0.57, 0.01]","[-0.79, -0.6, -0.37, -0.32, -0.15, 0.0, 0.22, 0.43, 0.58, 0.7]","[-0.19839679358717435, 0.01597444089456869, 0.4195933456561922, 0.43845371312309256, 0.5892857142857143, 0.6422018348623854, 0.7391304347826086, 0.7470355731225297, 0.6811594202898551, 0.6236933797909407]","[0.04387627696088803, 0.03996293844629233, 0.039025595285602545, 0.028665793422860793, 0.044075906756020376, 0.051916340752725866, 0.04234650030936296, 0.029553256426225794, 0.031161740411758683, 0.03262623749118076]","[-0.277781475, 0.05280000000000005, 0.366134175, 0.4218288, 0.5784281249999998, 0.675, 0.7471842000000001, 0.740348175, 0.6909558, 0.6251250000000002]"
"[-0.04608268983268983, 0.20330598455598453, 0.20872747747747747, 0.24125643500643498]","[-0.82, -0.57, -0.39, -0.19, -0.13, 0.06, 0.23, 0.34, 0.63, 0.77]","[-0.18599562363238512, -0.005249343832020997, -0.022364217252396165, -0.16818181818181818, -0.16722783389450055, -0.1619047619047619, -0.22562674094707522, -0.1635969664138678, 0.06818181818181818, 0.1623931623931624]","[0.03249988432885661, 0.0362256786794468, 0.05650920481966137, 0.04699407303134227, 0.03302950508300126, 0.032100814212300884, 0.05141703904981986, 0.03247194025930509, 0.06140252313409163, 0.03724157796544141]","[-0.14244208220720717, -0.07003075910955599, -0.07675730025337837, -0.11315083347409907, -0.12586506115267052, -0.15870374179536678, -0.1630185792511261, -0.14446397377734876, 0.024728533844111986, 0.18843358930582366]"
"[0.282830420782228, 0.31064980643293894, -0.1715528781793842, 0.3477423206338869]","[-0.69, -0.59, -0.49, -0.27, -0.04, 0.14, 0.28, 0.47, 0.56, 0.71]","[0.1256637168141593, 0.2988384371700106, 0.2913553895410886, 0.3039647577092511, 0.4303030303030303, 0.29152148664343785, 0.3745819397993311, 0.24912280701754386, 0.3637400228050171, 0.3705357142857143]","[0.04173682040453541, 0.03101070409041871, 0.03125124607095816, 0.06323180994450464, 0.03142744028011247, 0.032599623470766836, 0.03791577469245107, 0.04056482416688997, 0.03145453716974806, 0.0438825360957374]","[0.1060661023146641, 0.22495166732244287, 0.3079154506087412, 0.38969621452024306, 0.3765780411737038, 0.33641380314048985, 0.30844651108940263, 0.3028690140517023, 0.3224415166974204, 0.40025494642986365]"
"[-0.07, 0.45, 0.23, -0.87]","[-0.75, -0.52, -0.42, -0.25, -0.04, 0.07, 0.27, 0.44, 0.55, 0.73]","[-0.3934065934065934, -0.7142857142857143, -0.6603260869565217, -0.5649717514124294, -0.24290220820189273, -0.0823045267489712, 0.21393034825870647, 0.44839255499153974, 0.4734848484848485, 0.4451450189155107]","[0.030476639446282504, 0.03778857550092047, 0.02768145320870095, 0.031009542000244576, 0.03852563809486039, 0.03196619170975039, 0.06890161007635434, 0.036767530474199187, 0.03833198527575182, 0.031798663437112754]","[-0.38960937500000004, -0.6984896, -0.7001006000000001, -0.5682031249999999, -0.25450880000000004, -0.06120552499999997, 0.271189975, 0.46871680000000004, 0.522746875, 0.43388852500000014]"
"[0.48673847632845707, -0.19364864111992378, -0.3820635351825523, 0.13084367643238093]","[-0.76, -0.68, -0.43, -0.32, -0.09, 0.02, 0.27, 0.42, 0.61, 0.81]","[0.5536626916524702, 0.5827338129496403, 0.715438950554995, 0.7365591397849462, 0.6827586206896552, 0.6741854636591479, 0.5481727574750831, 0.4134275618374558, 0.26814814814814814, 0.21513002364066194]","[0.03437090068782363, 0.04874029337954015, 0.022194150828716966, 0.03506831403789433, 0.027135437216481317, 0.03697435135498735, 0.027832488723244425, 0.05412580722231229, 0.037080424518020565, 0.04748320775540746]","[0.4994920711576741, 0.5750590046697256, 0.713460538962032, 0.733139100788271, 0.7079819833861319, 0.6697453395567825, 0.5371532644980738, 0.4371471528364675, 0.30092141803955524, 0.15977118521459568]"
"[0.12909978944461703, -0.14575782679230953, -0.37897034966000487, -0.3289962376169273]","[-0.74, -0.57, -0.37, -0.2, -0.02, 0.11, 0.19, 0.45, 0.58, 0.68]","[0.11166253101736973, 0.16224188790560473, 0.18674698795180722, 0.18487394957983194, 0.3675889328063241, 0.2771929824561403, 0.3497164461247637, 0.28190743338008417, 0.24183006535947713, 0.04294478527607362]","[0.0495020233981717, 0.05359295868558668, 0.05391664591105399, 0.06370301441249433, 0.04134302605418251, 0.05691372511914052, 0.04073285198963578, 0.035931370593312466, 0.05546942334685054, 0.05533378208591261]","[0.0832666156156157, 0.08800344305943872, 0.15376250306772288, 0.2328793621207414, 0.3114094313969142, 0.348862935707259, 0.35849219748627936, 0.28500470351817336, 0.16856592823858343, 0.03357460743502118]"
"[-0.37000243486729967, -0.046781917052187316, 0.046781917052187316, -0.25942699456212964]","[-0.8, -0.59, -0.41, -0.33, -0.1, 0.15, 0.3, 0.49, 0.66, 0.8]","[-0.24561403508771928, -0.3839479392624729, -0.5041322314049587, -0.5378787878787878, -0.4128654970760234, -0.328125, -0.2686230248306998, -0.23758389261744967, -0.3380084151472651, -0.3492537313432836]","[0.03431524475019193, 0.043004917741693786, 0.03925574899357816, 0.029955489066103597, 0.03114842943905029, 0.03408655466340966, 0.04576516932718414, 0.035588134173032616, 0.03524608562093619, 0.051195319024091336]","[-0.2903030598165733, -0.43775563274084894, -0.4772644289424559, -0.4754223271650028, -0.4262789546303059, -0.3426496327408489, -0.3018815842869897, -0.2850925005275545, -0.32332998750101455, -0.4066624462300138]"
"[0.07226707226707227, 0.1997971997971998, 0.07226707226707227, 0.31032331032331034]","[-0.69, -0.64, -0.48, -0.3, -0.08, 0.08, 0.31, 0.37, 0.56, 0.68]","[0.03556187766714083, -0.019390581717451522, 0.15233785822021115, 0.16180371352785147, 0.10588235294117647, 0.08447937131630648, -0.005917159763313609, -0.03672612801678909, -0.07555555555555556, 0.1960352422907489]","[0.03769185824028409, 0.05262168342081623, 0.038383497446802396, 0.05082396827707021, 0.04823445015718757, 0.044165771753046985, 0.05439187709163279, 0.032371323951880325, 0.06647610625128371, 0.03254224945755467]","[0.016207623240123262, 0.04720111072111069, 0.10284097500097501, 0.10464909714909715, 0.05768510744510745, 0.01596949260949261, -0.01270026841776843, -0.008033877286377302, 0.05758716430716439, 0.14952924456924463]"
"[-0.4426974622765665, -0.2996033330558581, -0.18333935306403257, 0.3890371638188008]","[-0.8, -0.52, -0.44, -0.23, -0.12, 0.09, 0.25, 0.5, 0.53, 0.75]","[-0.29918032786885246, -0.11484593837535013, -0.1342281879194631, -0.1554054054054054, -0.2945638432364096, -0.4658682634730539, -0.6038751345532831, -0.6935483870967742, -0.7560975609756098, -0.7722960151802657]","[0.03054308854059546, 0.05257542029462039, 0.04059091199836265, 0.0331501015715085, 0.03397835524053258, 0.030621638490105067, 0.0261513114241249, 0.0457460836837544, 0.026390330770754113, 0.027672483573550646]","[-0.31847387134683913, -0.1029018502051958, -0.09852889361621095, -0.1742827132203059, -0.25068946686434335, -0.4320306557437838, -0.5738088555786461, -0.7397854688422169, -0.7515554193190027, -0.7577770402652307]"
"[-0.13005148005148007, 0.22463437463437463, 0.2403981903981904, 0.27192582192582193]","[-0.8, -0.53, -0.45, -0.26, -0.16, 0.08, 0.17, 0.34, 0.61, 0.76]","[-0.16943521594684385, -0.3775933609958506, -0.12275862068965518, -0.15212527964205816, -0.1826086956521739, -0.2445141065830721, -0.2809815950920245, -0.29842931937172773, -0.06040268456375839, 0.09171597633136094]","[0.040167665786624, 0.059647068972931504, 0.03685816844002993, 0.0330557440390501, 0.034652741626046056, 0.0383886422695666, 0.03361728563582893, 0.04883297586981469, 0.0333839355682346, 0.03829943106174336]","[-0.22092987792987795, -0.15304273932861434, -0.15671326501014005, -0.19017648621348626, -0.21448310783510788, -0.2622550362310363, -0.2676426256922507, -0.24415257957957956, -0.07355249634862134, 0.11717937865137867]"
"[0.11734337076802831, 0.11734337076802831, -0.3708050516269695, 0.3144802336583159]","[-0.73, -0.57, -0.44, -0.21, -0.15, 0.12, 0.27, 0.49, 0.54, 0.82]","[-0.06273062730627306, 0.13426423200859292, 0.249597423510467, 0.3874538745387454, 0.3185595567867036, 0.2627986348122867, 0.19285714285714287, 0.07625272331154684, 0.0563230605738576, 0.11297071129707113]","[0.03500245762585315, 0.03247692919883244, 0.03885853458932606, 0.0323320619911779, 0.049889623565992115, 0.05636717988081394, 0.058639519903053786, 0.03290882503083648, 0.03254732045673637, 0.03710660916948933]","[-0.0408073188839524, 0.1784300883314822, 0.28401827010572217, 0.3453553045476984, 0.3407343460755276, 0.25356982450944104, 0.1819913657595952, 0.0880514496996997, 0.07299048673330864, 0.07164864181990205]"
"[-0.2021021021021021, -0.3053031755159415, 0.4085042489297809, -0.29670308606478824]","[-0.78, -0.63, -0.5, -0.22, -0.04, 0.14, 0.28, 0.4, 0.54, 0.69]","[0.23666666666666666, -0.07329192546583851, -0.27415730337078653, -0.379746835443038, -0.3785900783289817, -0.27601809954751133, -0.3394255874673629, -0.24914675767918087, -0.22120285423037717, -0.24307036247334754]","[0.03966503264608281, 0.03515057748766244, 0.032235749800152674, 0.030045541048369203, 0.04729413414217569, 0.06465410958029447, 0.03398644850833117, 0.05657837275204598, 0.031136627943214135, 0.031671905432042485]","[0.20944322445850105, -0.06572034631972395, -0.23032114561369885, -0.39954390173151877, -0.4109164020190404, -0.37681438131748773, -0.33546678525333845, -0.29988511916171495, -0.26900882001150084, -0.26186649947287716]"
"[0.32059069378657007, -0.18458252066499486, -0.165152781647627, -0.28820779542429026]","[-0.69, -0.65, -0.37, -0.33, -0.17, 0.03, 0.2, 0.48, 0.57, 0.72]","[0.3752310536044362, 0.2823529411764706, 0.3516260162601626, 0.30445544554455445, 0.3733528550512445, 0.41515151515151516, 0.4515366430260047, 0.37181663837011886, 0.31524008350730687, 0.2402464065708419]","[0.039851889757081094, 0.042478987114715316, 0.02984307100281526, 0.033509768076376005, 0.035497048845743194, 0.03541205965331587, 0.030676275475915248, 0.0382501903061534, 0.04336146297456997, 0.043987156612793635]","[0.35098723325903225, 0.3353502116807529, 0.3140896407386768, 0.32033205967307504, 0.35743366445311286, 0.4103565495031113, 0.4370395962973283, 0.38531659478034735, 0.33045033913810723, 0.18417682771431226]"
"[0.37045248507246925, 0.46437001649929244, -0.18261742221882285, -0.14087629714023478]","[-0.8, -0.58, -0.47, -0.32, -0.1, 0.14, 0.21, 0.43, 0.57, 0.83]","[0.0, 0.07183908045977011, 0.16560509554140126, 0.24064171122994651, 0.33618233618233617, 0.5080831408775982, 0.597444089456869, 0.703030303030303, 0.7322623828647925, 0.6292974588938715]","[0.036369648372665396, 0.0378069648322331, 0.0393533509351617, 0.03174247254767526, 0.03554583407775737, 0.02926843829654487, 0.026169362375263402, 0.027681861280835048, 0.024917314470663858, 0.030046916682699647]","[-0.07377743857640451, 0.046432097067732506, 0.12024471558611723, 0.2290327184837112, 0.39180567937048444, 0.5500216572796155, 0.5883131522965916, 0.6736549434878156, 0.692679478682306, 0.6324934982837567]"
"[-0.01195167129746569, 0.32269512503157366, -0.12350060340714546, 0.39440515281636773]","[-0.74, -0.58, -0.37, -0.26, -0.01, 0.01, 0.18, 0.38, 0.55, 0.8]","[-0.2884371029224905, 0.005917159763313609, 0.10854503464203233, 0.07922272047832586, 0.05909617612977984, 0.06044905008635579, -0.020588235294117647, -0.03345724907063197, 0.032917139614074914, 0.2893401015228426]","[0.03413114772169407, 0.07692173026591755, 0.03378060541065801, 0.038540715964875655, 0.03398090326568498, 0.04148258290573719, 0.038340121140520864, 0.06093694139912499, 0.033672598416683644, 0.0681995543717206]","[-0.25220552224186815, -0.04893340908197915, 0.07399093453383292, 0.08986278389604556, 0.052468245344643706, 0.04709196528654823, 0.0011426594538463868, -0.025033891021862962, 0.009906192553534867, 0.2209465633858158]"
"[0.02386553219886553, 0.34207262818373924, 0.4216244021799577, 0.07159659659659659]","[-0.83, -0.6, -0.4, -0.18, -0.08, 0.07, 0.22, 0.4, 0.66, 0.75]","[-0.0958904109589041, -0.15141955835962145, -0.19350473612990526, -0.29045643153526973, -0.15532734274711169, -0.15749039692701663, -0.1566265060240964, -0.03666666666666667, 0.2913907284768212, 0.4447646493756004]","[0.05210119313665836, 0.03925714219705473, 0.03609032266196556, 0.043585063997802334, 0.03539386703390522, 0.03533626239858827, 0.05420476954102872, 0.04079737645885978, 0.03178104318131924, 0.027759506626241975]","[-0.04838861947364032, -0.13873829384940498, -0.19108336113891666, -0.2097415933155378, -0.20176493693693695, -0.16735889412328997, -0.10280173456790122, 0.019569736403069766, 0.29488935730174615, 0.4203192558878322]"
"[0.5102895961315705, 0.06929858712897871, -0.3338931925305338, 0.031499357785899414]","[-0.76, -0.61, -0.48, -0.18, -0.16, 0.01, 0.22, 0.37, 0.51, 0.8]","[0.27586206896551724, 0.4739178690344062, 0.5506329113924051, 0.637599093997735, 0.6618357487922706, 0.6411092985318108, 0.6526181353767561, 0.6033653846153846, 0.5768645357686454, 0.4166666666666667]","[0.03991154268495787, 0.02933600843898076, 0.027111338592281282, 0.02592495912192899, 0.030082373266642082, 0.03099699683753649, 0.027077523853842038, 0.027647119856427795, 0.03186795691424247, 0.05867952826188224]","[0.336624816837727, 0.4595490918873379, 0.5425499784015773, 0.6565808035223117, 0.6605642123079166, 0.6774066826708537, 0.6586849606224099, 0.6208184014020631, 0.5686590873347591, 0.4146575458935798]"
"[0.3877643755892585, -0.2438518238241729, -0.21986639852999199, 0.3637789502950776]","[-0.78, -0.68, -0.42, -0.29, -0.07, 0.03, 0.32, 0.39, 0.62, 0.75]","[0.5150812064965197, 0.5932642487046632, 0.7016861219195849, 0.6368286445012787, 0.5455475946775844, 0.4321608040201005, 0.39263803680981596, 0.20355731225296442, 0.11016949152542373, 0.11764705882352941]","[0.029194351365297966, 0.028972864095520964, 0.025659563749407876, 0.03899141742872965, 0.026812549612563977, 0.04520297716294491, 0.05093708895126056, 0.030776582722894352, 0.03735353096585748, 0.04916357175911011]","[0.48129322293280535, 0.5961126530873142, 0.7037402933216159, 0.6767417889201983, 0.5510360338238562, 0.47373970281738026, 0.2410803878828479, 0.19356966769697329, 0.09816682908126494, 0.10371822578382148]"
"[0.19420189420189424, -0.4827304227304228, -0.3384661584661585, -0.09432663432663435]","[-0.78, -0.59, -0.49, -0.34, -0.01, 0.08, 0.22, 0.49, 0.56, 0.68]","[0.41414141414141414, 0.5, 0.40555555555555556, 0.4376657824933687, 0.3948220064724919, 0.301255230125523, 0.25102880658436216, 0.08169014084507042, -0.03837471783295711, -0.14153132250580047]","[0.030493267809436817, 0.048717735184622316, 0.034065392412527394, 0.0463079492243463, 0.03695785194948595, 0.043614066440411825, 0.06209592136082297, 0.03740389979081816, 0.033570911119579286, 0.033717278281292166]","[0.43262555721875734, 0.43646852140217146, 0.43648780287595296, 0.4300352368676369, 0.36679684404019414, 0.3327657225225227, 0.2612784516516517, 0.04658497005082006, -0.028287336936937017, -0.17751695523215535]"
"[0.04600025557472367, 0.23000127787361835, 0.27181969203245804, 0.23836496070538624]","[-0.84, -0.55, -0.38, -0.27, -0.15, 0.06, 0.18, 0.34, 0.52, 0.76]","[-0.0387434554973822, 0.13738019169329074, 0.022935779816513763, -0.0502283105022831, -0.013806706114398421, -0.1244343891402715, -0.10633946830265849, -0.010558069381598794, -0.004366812227074236, 0.3172690763052209]","[0.03233494445870863, 0.05598740966780754, 0.04787871599117692, 0.06748844368601346, 0.04440732598698263, 0.033372233608455, 0.03179516364106777, 0.038834617185729954, 0.046726485830403446, 0.06009832416257819]","[-0.04827651549421769, 0.004434058726279467, -0.01526480844674464, -0.037477986861861885, -0.06361495571369245, -0.09596581681681682, -0.09618210165484634, -0.06272001028688261, 0.03780652277809728, 0.310251149191745]"
"[0.13943661971830987, -0.02112676056338028, 0.029577464788732397, -0.4098591549295774]","[-0.79, -0.62, -0.48, -0.22, -0.08, 0.14, 0.33, 0.37, 0.57, 0.71]","[0.1346153846153846, -0.007722007722007722, -0.05434782608695652, -0.021176470588235293, 0.02736842105263158, 0.20893561103810776, 0.35119047619047616, 0.2879581151832461, 0.21815889029003782, 0.3333333333333333]","[0.06870640919552236, 0.031067561988542203, 0.04249992143640697, 0.048496247449575036, 0.03243213107120916, 0.03544991303726589, 0.05107957288554751, 0.03464630794643953, 0.03465569613187916, 0.05769897632105539]","[0.18853524295774649, 0.01783411267605634, -0.036770028169014035, 0.007100028169014095, 0.07796349295774647, 0.20581850704225352, 0.28856504577464787, 0.2984750598591549, 0.2876921725352113, 0.20178013732394373]"
"[-0.5354779280786873, 0.08594090203732017, 0.548699605315198, -0.006610838618255398]","[-0.69, -0.55, -0.38, -0.33, -0.13, 0.03, 0.24, 0.34, 0.52, 0.81]","[-0.4246575342465753, -0.4807692307692308, -0.664804469273743, -0.7244897959183674, -0.7971391417425228, -0.7162162162162162, -0.751412429378531, -0.693516699410609, -0.5841874084919473, -0.27314285714285713]","[0.05298183905079337, 0.06079841165156919, 0.039481097154160344, 0.04923468039007741, 0.021773428071013106, 0.040563360998604754, 0.035069719139103936, 0.03193296600006222, 0.03105573018611966, 0.03252063924150915]","[-0.47868604801697184, -0.6108270271173213, -0.7264982421699493, -0.7512365787278402, -0.8083433165058466, -0.8062117177017764, -0.7396428370281711, -0.6827413657892616, -0.5397532896298854, -0.20096389130923514]"
"[0.41, 0.17, -0.29, 0.43]","[-0.81, -0.56, -0.43, -0.21, -0.03, 0.04, 0.32, 0.41, 0.57, 0.82]","[0.11059907834101383, 0.4887640449438202, 0.5357142857142857, 0.6147919876733436, 0.5603015075376885, 0.5070422535211268, 0.3651685393258427, 0.37084398976982097, 0.2882882882882883, 0.4676258992805755]","[0.033733979708109464, 0.04623795647536005, 0.05641880243519508, 0.030958763066705853, 0.029357915659547557, 0.029528933712980685, 0.04933979687697672, 0.0332100717946858, 0.037104063197437996, 0.03352924243559767]","[0.08304742499999986, 0.4957967999999999, 0.593348475, 0.6256109249999999, 0.5688294749999999, 0.5353728, 0.3936816, 0.36121657499999993, 0.342000975, 0.46572659999999994]"
"[0.25220056121695467, 0.17307881652143947, -0.0840668537389849, 0.2620907793038941]","[-0.71, -0.52, -0.47, -0.31, -0.06, 0.11, 0.25, 0.36, 0.61, 0.68]","[0.17675544794188863, 0.3046875, 0.3125, 0.3211314475873544, 0.30597014925373134, 0.17180616740088106, 0.26953748006379585, 0.22012578616352202, 0.20588235294117646, 0.30612244897959184]","[0.0484320124962604, 0.04209284583623756, 0.03293247297793331, 0.03863034837953458, 0.033575901016380076, 0.0653854259328376, 0.03845811215459994, 0.038679960811027154, 0.06851407672548833, 0.03925949441540166]","[0.15239462458154884, 0.28243614473489886, 0.3017777642950328, 0.3308136643590312, 0.30684193920149655, 0.26937397299143406, 0.24157630350637524, 0.22924101334121008, 0.2618011566299907, 0.2923105384728991]"
"[-0.55, 0.23, 0.35, -0.51]","[-0.83, -0.58, -0.4, -0.3, -0.04, 0.0, 0.28, 0.39, 0.56, 0.83]","[-0.4744525547445255, -0.8937728937728938, -0.9482587064676616, -0.9491298527443106, -0.77209797657082, -0.7058823529411765, -0.4282560706401766, -0.3105076741440378, -0.291970802919708, -0.20574162679425836]","[0.05317972465348436, 0.01919487561141721, 0.01001518377654088, 0.011521037310456039, 0.020738873341921787, 0.024796478042091914, 0.03002200697530773, 0.032662001728368806, 0.04085654648833309, 0.06769161648685249]","[-0.46014907500000024, -0.8767222, -0.9574, -0.941825, -0.7638784, -0.7250000000000001, -0.43322879999999997, -0.33272922500000013, -0.22707040000000006, -0.26650592500000003]"
"[0.0027204369724054766, -0.20947364687522171, -0.23123714265446552, -0.25300063843370935]","[-0.72, -0.61, -0.48, -0.29, -0.11, 0.11, 0.32, 0.43, 0.58, 0.72]","[0.09170305676855896, 0.0654911838790932, 0.05046728971962617, 0.036290322580645164, 0.0720164609053498, 0.1853720050441362, 0.14471968709256844, 0.0779816513761468, 0.0, -0.10360884749708964]","[0.046530042635273806, 0.03541248312033845, 0.04317867794741573, 0.04487174852285087, 0.031991730370478484, 0.03489557868896468, 0.03572778824516798, 0.04774547536199397, 0.06565321642986127, 0.033935932356619694]","[0.05218929814854225, 0.029123182334893978, 0.0267599591402426, 0.05528660405582752, 0.0962809095995602, 0.13200319872135918, 0.11650391033553241, 0.07702882601794711, -0.023136065049301255, -0.1751312858054906]"
"[-0.24043833749716104, -0.018097509273979864, -0.16804830040124158, -0.18873116814293284]","[-0.77, -0.63, -0.39, -0.21, -0.1, 0.05, 0.25, 0.34, 0.64, 0.68]","[-0.2950391644908616, -0.34045801526717556, -0.33651551312649164, -0.2508591065292096, -0.09513742071881606, -0.2076923076923077, -0.16306483300589392, -0.055793991416309016, -0.1836734693877551, -0.3213367609254499]","[0.04882301097397992, 0.03673898733764898, 0.04600397693261162, 0.05674654897151471, 0.04577149031831681, 0.042896653655694665, 0.043730956792615044, 0.06541013002231214, 0.05732898427114723, 0.03395033962291823]","[-0.29451234435801354, -0.30543210999129383, -0.27011575137217053, -0.21881082501514118, -0.18496300817624348, -0.14385338476606857, -0.11329121597963507, -0.11399874456809754, -0.21375040593534717, -0.24113079990915284]"
"[0.33113382263243873, 0.2195156801720661, 0.2939277751456479, -0.2195156801720661]","[-0.71, -0.53, -0.46, -0.27, -0.07, 0.06, 0.2, 0.5, 0.56, 0.8]","[0.12211221122112212, 0.12234910277324633, 0.16872427983539096, 0.11818181818181818, 0.14018691588785046, 0.25877192982456143, 0.25137614678899084, 0.6405228758169934, 0.5291576673866091, 0.625531914893617]","[0.04031821869654613, 0.04008617749935657, 0.06323032940905078, 0.038652160115481095, 0.03384177774996262, 0.03198541828432645, 0.04145982985279814, 0.04390015578884355, 0.039434232178221514, 0.05089454359624731]","[0.21320078144573992, 0.09886021668168767, 0.07843652430603798, 0.0789396709877137, 0.1481032948725713, 0.21856595860391828, 0.3071731280509454, 0.5001888009005447, 0.5333793485062762, 0.6243918889233244]"
"[0.2561522048364154, 0.06098862019914651, 0.13417496443812232, -0.2886794689426268]","[-0.72, -0.54, -0.49, -0.33, -0.02, 0.11, 0.2, 0.46, 0.55, 0.68]","[0.2255729794933655, 0.06536856745479833, 0.17901234567901234, 0.0777422790202343, 0.11212814645308924, 0.31227217496962334, 0.2822966507177033, 0.3209549071618037, 0.40077821011673154, 0.38268156424581007]","[0.03383627704189801, 0.037213942800897445, 0.05465815708651481, 0.032535000209125815, 0.0475348187156238, 0.033114663062891375, 0.04692222519966374, 0.048777847179984755, 0.05714943297939412, 0.03452702812190325]","[0.20708612802275964, 0.09463018705547657, 0.08023112959340922, 0.07389530645448081, 0.17927084471313418, 0.24488027788643907, 0.29014319582740633, 0.3886481932195353, 0.40157829910502607, 0.39112864106211476]"
"[-0.17960748358978448, 0.21613781923516437, -0.1430771479444046, 0.14916553721863457]","[-0.7, -0.52, -0.36, -0.31, -0.07, 0.09, 0.31, 0.35, 0.51, 0.78]","[-0.3274336283185841, -0.29133858267716534, -0.17588932806324112, -0.2012779552715655, -0.13513513513513514, -0.09071949947862357, -0.05627705627705628, -0.1432258064516129, -0.14346895074946467, -0.03465982028241335]","[0.04444314303119697, 0.060023677422772044, 0.030944661564179406, 0.05536654463018777, 0.057590659881452226, 0.032158528926324724, 0.03284544834835288, 0.03555071558403772, 0.04579576343914334, 0.03580719115206113]","[-0.33581272090674746, -0.21457821743867764, -0.15054200026575248, -0.13744370594820485, -0.10871570204164341, -0.11022038656687663, -0.11994325503933137, -0.12103432483921978, -0.11830441285644053, -0.06761028432857637]"
"[-0.42429297429297436, 0.16184371184371188, -0.10935385935385937, 0.10060555060555063]","[-0.83, -0.52, -0.5, -0.19, -0.16, 0.14, 0.31, 0.35, 0.54, 0.78]","[-0.696165191740413, -0.4707379134860051, -0.48764629388816644, -0.40310077519379844, -0.378125, -0.2931726907630522, -0.40408163265306124, -0.3726541554959786, -0.35064935064935066, -0.3109575518262586]","[0.027570077667812155, 0.044504790513419615, 0.03148267408122233, 0.05697509877124272, 0.03659366160055506, 0.06058780920333103, 0.03374006347357091, 0.04804848088956734, 0.0477288073019369, 0.02986156610542599]","[-0.6355055904159653, -0.45502123380523385, -0.4475306694056695, -0.3793404131067881, -0.37659509540309544, -0.37060993997294006, -0.3744965839067089, -0.37509877373939876, -0.3719379332409333, -0.34152636250536256]"
"[0.3355369655369656, -0.23851422851422854, 0.36787787787787796, 0.3840483340483341]","[-0.78, -0.58, -0.46, -0.34, -0.07, 0.03, 0.2, 0.46, 0.65, 0.71]","[0.6308100929614874, 0.5561959654178674, 0.5662650602409639, 0.4752116082224909, 0.23344947735191637, 0.19166666666666668, 0.02592087312414734, -0.011789924973204717, 0.11838790931989925, 0.2517482517482518]","[0.028276725576345405, 0.031546271035013534, 0.026116511448339007, 0.03059613128468358, 0.05739712328512705, 0.06335297575518482, 0.03692343223025619, 0.03273625477850154, 0.04983560639545968, 0.04046544795957909]","[0.6670737644787645, 0.6223584105534106, 0.549618039039039, 0.4546109493779494, 0.21099367862505367, 0.1276829831081081, 0.018434320034320006, -0.012893108966108948, 0.11893244181681685, 0.19505011416773915]"
"[0.3137747747747747, -0.2921351351351351, 0.16951051051051047, 0.05409909909909909]","[-0.81, -0.61, -0.36, -0.19, -0.04, 0.0, 0.19, 0.36, 0.57, 0.74]","[0.6512605042016807, 0.44518272425249167, 0.39593908629441626, 0.39574468085106385, 0.2558139534883721, 0.2955223880597015, 0.1595744680851064, 0.17845117845117844, 0.13903743315508021, 0.18352941176470589]","[0.03478202700622417, 0.03649539956506624, 0.04626211571159003, 0.0599072384919932, 0.04661966900006829, 0.0521955713268453, 0.04156802485031378, 0.05709449833771763, 0.036208483365401015, 0.033717109551249236]","[0.6263269549924924, 0.5206362500375374, 0.39004440600600593, 0.3081947682807808, 0.2443490402402402, 0.2290195195195195, 0.16820225904654654, 0.1339003195195195, 0.12390564620870867, 0.14683108618618612]"
"[-0.15959842820850065, -0.3797341912547084, 0.5338292253870539, 0.4457749201685708]","[-0.7, -0.65, -0.44, -0.26, -0.09, 0.14, 0.26, 0.42, 0.55, 0.76]","[0.3159041394335512, 0.20833333333333334, 0.04721030042918455, -0.1440329218106996, -0.31343283582089554, -0.5714285714285714, -0.7074468085106383, -0.6728016359918201, -0.5563139931740614, -0.2690166975881262]","[0.03131477295315373, 0.05335743193153174, 0.037781299496009044, 0.06348113090685015, 0.04101692082191601, 0.04220977430609135, 0.03644870386774537, 0.023656928465548094, 0.03432714378358809, 0.041485183362555134]","[0.3174770457682027, 0.2872066585387005, 0.09487323061460244, -0.1193869988480205, -0.3264837491699013, -0.5545359657343508, -0.6253785160475401, -0.6430219571841674, -0.5754916383541975, -0.2715735659826368]"
"[0.39158506332419374, -0.045769682726204464, -0.2186773730251991, -0.4831244287766026]","[-0.84, -0.67, -0.43, -0.19, -0.12, 0.11, 0.32, 0.45, 0.67, 0.83]","[0.38587848932676516, 0.37583892617449666, 0.2971246006389776, 0.391304347826087, 0.38534278959810875, 0.5962732919254659, 0.6497584541062802, 0.652542372881356, 0.4425087108013937, 0.16690442225392296]","[0.03738359692879754, 0.0536814211037499, 0.03115998382211709, 0.03503374992593634, 0.04486678296868647, 0.04473726479449844, 0.02641671698704614, 0.049325469217590456, 0.037430214761827514, 0.037239689260937583]","[0.4150598250424338, 0.26206785864669024, 0.24436872233646684, 0.36837252374657264, 0.41681738085912, 0.5700280246278887, 0.6450107794751272, 0.6299513460471341, 0.44528682277386067, 0.14784389419310637]"
