hyperparameter,loss_score,0.67std_percent_known,1std_percent_known,1.96std_percent_known,0.67std_percent_fit_rand,1std_percent_fit_rand,1.96std_percent_fit_rand,coeff_known_pull,coeff_known,coeff_GP_pull_rand,coeff_GP_rand,cpu_runtime,wall_runtime
[0.39703188 0.40485338],0.396,0.5144092219020173,0.7132564841498559,0.9639769452449568,0.5259365994236311,0.6570605187319885,0.9293948126801153,"[-0.70434711 -1.50097109 -0.40401719 -0.78233137  0.53689451  0.68516966
 -1.92205198  1.68714865  1.85676496 -0.33436692 -1.07364278 -0.05936144]","[ 0.45577688  1.7455533   0.58798773 -0.51148725  1.45395308  0.46747024
 -0.67222458  1.67478373  0.43197907  0.14120431  1.646628    0.61843639]","[-2.00949232 -6.52462931 -0.96577696 -1.56595276  3.52300719  1.48302858
 -6.1590914   6.08418773  6.54358915 -2.75075341 -7.2645335  -1.29863774]","[ 0.45870576  1.74226294  0.59184848 -0.50236266  1.46196664  0.46006505
 -0.66586182  1.67307251  0.42934238  0.125461    1.60198779  0.54334289]",16.057874218,26.61363090481609
[0.36863107 0.41338744],0.396,0.5144092219020173,0.7132564841498559,0.9639769452449568,0.4812680115273775,0.6440922190201729,0.9423631123919308,"[-0.70434711 -1.50097109 -0.40401719 -0.78233137  0.53689451  0.68516966
 -1.92205198  1.68714865  1.85676496 -0.33436692 -1.07364278 -0.05936144]","[ 0.45577688  1.7455533   0.58798773 -0.51148725  1.45395308  0.46747024
 -0.67222458  1.67478373  0.43197907  0.14120431  1.646628    0.61843639]","[-2.11890062 -6.8119755  -0.98111932 -1.74543857  2.56019847  1.70931581
 -6.29103716  6.32581469  6.53604146 -2.73992524 -6.84927608 -1.39481375]","[ 0.45775819  1.74025565  0.5915269  -0.50533309  1.45772478  0.46328266
 -0.66840503  1.67483684  0.43025959  0.12404767  1.60949506  0.53375759]",20.159044336,34.572609602473676
[0.38771821 0.4193347 ],0.396,0.5144092219020173,0.7132564841498559,0.9639769452449568,0.5129682997118156,0.6628242074927954,0.9293948126801153,"[-0.70434711 -1.50097109 -0.40401719 -0.78233137  0.53689451  0.68516966
 -1.92205198  1.68714865  1.85676496 -0.33436692 -1.07364278 -0.05936144]","[ 0.45577688  1.7455533   0.58798773 -0.51148725  1.45395308  0.46747024
 -0.67222458  1.67478373  0.43197907  0.14120431  1.646628    0.61843639]","[ -3.94769388  -8.7188636   -2.78091925  -3.18307073   1.67223836
   3.12689342  -6.60957745   6.01543453   7.11796627 -13.03613966
 -14.73538331  -8.86937885]","[ 0.44912391  1.73569533  0.57923685 -0.51827242  1.45381332  0.47585007
 -0.67021955  1.67334459  0.43329248  0.09284314  1.58509893  0.38316352]",20.158770601,34.665696524083614
[0.3781373  0.40035935],0.396,0.5144092219020173,0.7132564841498559,0.9639769452449568,0.49855907780979825,0.6455331412103746,0.9452449567723343,"[-0.70434711 -1.50097109 -0.40401719 -0.78233137  0.53689451  0.68516966
 -1.92205198  1.68714865  1.85676496 -0.33436692 -1.07364278 -0.05936144]","[ 0.45577688  1.7455533   0.58798773 -0.51148725  1.45395308  0.46747024
 -0.67222458  1.67478373  0.43197907  0.14120431  1.646628    0.61843639]","[-1.27354625 -5.46080864 -0.25166745 -1.27461244  3.09833241  1.35519376
 -7.07647299  7.02702983  7.00936464 -2.13638852 -7.11670231 -0.95651415]","[ 0.4625996   1.74589957  0.59716324 -0.50087771  1.46100506  0.4597392
 -0.67462771  1.67638185  0.43342407  0.12958056  1.58879352  0.55969614]",17.49404240999999,30.692486887797713
[0.402192   0.41636326],0.396,0.5144092219020173,0.7132564841498559,0.9639769452449568,0.5172910662824207,0.659942363112392,0.9409221902017291,"[-0.70434711 -1.50097109 -0.40401719 -0.78233137  0.53689451  0.68516966
 -1.92205198  1.68714865  1.85676496 -0.33436692 -1.07364278 -0.05936144]","[ 0.45577688  1.7455533   0.58798773 -0.51148725  1.45395308  0.46747024
 -0.67222458  1.67478373  0.43197907  0.14120431  1.646628    0.61843639]","[-0.27998515 -4.3854237   0.65138989 -1.68137975  3.36413157  1.6016708
 -5.40858206  5.39413694  5.53525983 -2.09680281 -6.18442224 -0.87754821]","[ 0.46830952  1.74956335  0.60434363 -0.50432645  1.46174061  0.46185408
 -0.66115224  1.67135189  0.42460084  0.1301468   1.61268135  0.56575788]",21.221542688,34.22831211332232
[0.37955821 0.41989156],0.396,0.5144092219020173,0.7132564841498559,0.9639769452449568,0.4956772334293948,0.6512968299711815,0.9365994236311239,"[-0.70434711 -1.50097109 -0.40401719 -0.78233137  0.53689451  0.68516966
 -1.92205198  1.68714865  1.85676496 -0.33436692 -1.07364278 -0.05936144]","[ 0.45577688  1.7455533   0.58798773 -0.51148725  1.45395308  0.46747024
 -0.67222458  1.67478373  0.43197907  0.14120431  1.646628    0.61843639]","[-1.86942506 -6.54119261 -0.79868259 -1.3795384   3.93718367  1.40579318
 -5.38563205  5.9249864   5.72352328 -3.48395135 -8.94021151 -1.87013188]","[ 0.45925823  1.74241578  0.5929371  -0.50156848  1.46502767  0.46007448
 -0.66126486  1.67247815  0.42578765  0.11968062  1.57880665  0.51477879]",24.987458842000024,40.58141628373414
[0.36710183 0.42373316],0.396,0.5144092219020173,0.7132564841498559,0.9639769452449568,0.515850144092219,0.6585014409221902,0.9394812680115274,"[-0.70434711 -1.50097109 -0.40401719 -0.78233137  0.53689451  0.68516966
 -1.92205198  1.68714865  1.85676496 -0.33436692 -1.07364278 -0.05936144]","[ 0.45577688  1.7455533   0.58798773 -0.51148725  1.45395308  0.46747024
 -0.67222458  1.67478373  0.43197907  0.14120431  1.646628    0.61843639]","[-2.773622   -6.81133707 -1.72209219 -1.52021053  3.29561677  1.63390188
 -6.72399396  5.84682281  7.22480633 -0.55272224 -3.29490872  0.22053881]","[ 0.45448591  1.74070312  0.58622905 -0.50164789  1.45979022  0.46096312
 -0.67263351  1.67396824  0.43472224  0.15523598  1.64580624  0.66931807]",26.066420901000015,38.58896369487047
[0.38185343 0.42226075],0.396,0.5144092219020173,0.7132564841498559,0.9639769452449568,0.5115273775216138,0.6556195965417867,0.952449567723343,"[-0.70434711 -1.50097109 -0.40401719 -0.78233137  0.53689451  0.68516966
 -1.92205198  1.68714865  1.85676496 -0.33436692 -1.07364278 -0.05936144]","[ 0.45577688  1.7455533   0.58798773 -0.51148725  1.45395308  0.46747024
 -0.67222458  1.67478373  0.43197907  0.14120431  1.646628    0.61843639]","[-3.27732987 -7.29553219 -2.28670518 -2.75102239  1.79683527  2.6861893
 -7.71882437  6.35569155  7.98188888 -4.35314366 -9.35109394 -2.50846655]","[ 0.45228983  1.7394098   0.58258983 -0.51505627  1.45456624  0.47235801
 -0.67910209  1.6751014   0.4380855   0.11478097  1.58294038  0.49102375]",27.229577936999988,44.403068830259144
[0.47912347 0.15233705],0.10899999999999999,0.5144092219020173,0.7132564841498559,0.9639769452449568,0.5979827089337176,0.7752161383285303,0.9697406340057637,"[-0.70434711 -1.50097109 -0.40401719 -0.78233137  0.53689451  0.68516966
 -1.92205198  1.68714865  1.85676496 -0.33436692 -1.07364278 -0.05936144]","[ 0.45577688  1.7455533   0.58798773 -0.51148725  1.45395308  0.46747024
 -0.67222458  1.67478373  0.43197907  0.14120431  1.646628    0.61843639]","[-1.73488269 -4.86942658 -0.91464877 -1.74026494  3.26732459  1.68913676
 -5.52320648  4.13514372  5.77595823  0.18368929 -2.8285769   0.29870471]","[ 0.45644421  1.73960749  0.58966898 -0.50298297  1.46081296  0.46078589
 -0.67793852  1.67390067  0.4371511   0.17069648  1.60126955  0.74999709]",21.543464029000006,35.79366051591933
[0.36298262 0.41983209],0.396,0.5144092219020173,0.7132564841498559,0.9639769452449568,0.4755043227665706,0.6484149855907781,0.9438040345821326,"[-0.70434711 -1.50097109 -0.40401719 -0.78233137  0.53689451  0.68516966
 -1.92205198  1.68714865  1.85676496 -0.33436692 -1.07364278 -0.05936144]","[ 0.45577688  1.7455533   0.58798773 -0.51148725  1.45395308  0.46747024
 -0.67222458  1.67478373  0.43197907  0.14120431  1.646628    0.61843639]","[ -2.79048286  -6.64786499  -1.81239679  -2.71315166   2.02603714
   2.77566084  -6.49070105   5.25006255   6.70459902  -6.95426881
 -11.54060345  -4.41812234]","[ 0.45438546  1.74163753  0.58557938 -0.51509593  1.45605724  0.47340656
 -0.67011837  1.67183697  0.43153984  0.10485999  1.58100549  0.4415645 ]",21.922974683999996,32.320164827629924
[0.53910481 0.14784677],0.09199999999999997,0.5144092219020173,0.7132564841498559,0.9639769452449568,0.6152737752161384,0.7867435158501441,0.978386167146974,"[-0.70434711 -1.50097109 -0.40401719 -0.78233137  0.53689451  0.68516966
 -1.92205198  1.68714865  1.85676496 -0.33436692 -1.07364278 -0.05936144]","[ 0.45577688  1.7455533   0.58798773 -0.51148725  1.45395308  0.46747024
 -0.67222458  1.67478373  0.43197907  0.14120431  1.646628    0.61843639]","[-1.10832944 -4.86401848 -0.3336159  -1.87142747  3.57331974  2.08237133
 -4.98778813  4.61013543  5.23080943  0.70649003 -3.03616204  0.24689176]","[ 0.46151966  1.74119378  0.59572311 -0.50311136  1.46218275  0.46271235
 -0.67021677  1.67407703  0.43203968  0.17300511  1.59737446  0.74995816]",27.897543092000035,44.092429601587355
[0.04401542 1.4206499 ],0.277,0.5144092219020173,0.7132564841498559,0.9639769452449568,0.7449567723342939,0.8717579250720461,0.9798270893371758,"[-0.70434711 -1.50097109 -0.40401719 -0.78233137  0.53689451  0.68516966
 -1.92205198  1.68714865  1.85676496 -0.33436692 -1.07364278 -0.05936144]","[ 0.45577688  1.7455533   0.58798773 -0.51148725  1.45395308  0.46747024
 -0.67222458  1.67478373  0.43197907  0.14120431  1.646628    0.61843639]","[-2.59055681 -5.10717015 -2.02206476 -1.65538261  0.45344849  1.27268037
 -3.80554566  4.3326115   3.70357226 -1.08730437 -0.52202824  0.32380813]","[ 0.44067706  1.72599062  0.56738327 -0.51103777  1.44846988  0.46458536
 -0.684178    1.68543936  0.43993758  0.16206294  1.740181    0.74999817]",21.95428976400001,31.246212789788842
[0.36726831 0.42201592],0.396,0.5144092219020173,0.7132564841498559,0.9639769452449568,0.4827089337175792,0.659942363112392,0.9423631123919308,"[-0.70434711 -1.50097109 -0.40401719 -0.78233137  0.53689451  0.68516966
 -1.92205198  1.68714865  1.85676496 -0.33436692 -1.07364278 -0.05936144]","[ 0.45577688  1.7455533   0.58798773 -0.51148725  1.45395308  0.46747024
 -0.67222458  1.67478373  0.43197907  0.14120431  1.646628    0.61843639]","[-4.50967824 -8.85382922 -2.46651215 -1.33911811  5.10153163  1.10650939
 -9.94232271  6.16468936 10.34741707 -0.09176884 -2.8722386   0.25233481]","[ 0.45771357  1.74368859  0.59015636 -0.49554128  1.46188562  0.45297574
 -0.67098269  1.67233194  0.43231662  0.16820482  1.6552147   0.740967  ]",33.57958734200008,49.871474020183086
[0.36029776 0.42393901],0.396,0.5144092219020173,0.7132564841498559,0.9639769452449568,0.49135446685878964,0.6340057636887608,0.9322766570605188,"[-0.70434711 -1.50097109 -0.40401719 -0.78233137  0.53689451  0.68516966
 -1.92205198  1.68714865  1.85676496 -0.33436692 -1.07364278 -0.05936144]","[ 0.45577688  1.7455533   0.58798773 -0.51148725  1.45395308  0.46747024
 -0.67222458  1.67478373  0.43197907  0.14120431  1.646628    0.61843639]","[-2.04069028 -7.25019205 -0.92750176 -1.78869487  3.27587227  1.7481502
 -7.58915457  7.0366834   7.64418919 -1.52387357 -6.47464786 -0.51096362]","[ 0.45862002  1.73956918  0.59213836 -0.50494629  1.46100323  0.46307197
 -0.67749018  1.67671853  0.43617145  0.13654103  1.59027697  0.59234871]",23.944839549999983,36.77242043428123
[0.37744022 0.41385291],0.396,0.5144092219020173,0.7132564841498559,0.9639769452449568,0.5129682997118156,0.659942363112392,0.9365994236311239,"[-0.70434711 -1.50097109 -0.40401719 -0.78233137  0.53689451  0.68516966
 -1.92205198  1.68714865  1.85676496 -0.33436692 -1.07364278 -0.05936144]","[ 0.45577688  1.7455533   0.58798773 -0.51148725  1.45395308  0.46747024
 -0.67222458  1.67478373  0.43197907  0.14120431  1.646628    0.61843639]","[-2.54981875 -6.6055291  -1.50729045 -2.00205945  2.68270723  1.96161165
 -7.0095036   6.12975344  7.26521993 -1.54344211 -5.4601697  -0.54206546]","[ 0.45594121  1.74169396  0.58798864 -0.50717765  1.45839949  0.46506285
 -0.67286623  1.67398459  0.43370005  0.13601343  1.6171168   0.58931007]",21.368081496999935,34.64146026968956
[0.35832739 0.41850046],0.396,0.5144092219020173,0.7132564841498559,0.9639769452449568,0.5100864553314121,0.6815561959654178,0.9495677233429395,"[-0.70434711 -1.50097109 -0.40401719 -0.78233137  0.53689451  0.68516966
 -1.92205198  1.68714865  1.85676496 -0.33436692 -1.07364278 -0.05936144]","[ 0.45577688  1.7455533   0.58798773 -0.51148725  1.45395308  0.46747024
 -0.67222458  1.67478373  0.43197907  0.14120431  1.646628    0.61843639]","[ -3.52491083  -7.53793994  -2.38660611  -2.76740833   2.24326445
   2.75614622  -6.70289903   5.3200872    6.87064476  -8.81248404
 -12.3595866   -5.83634897]","[ 0.45097917  1.73954603  0.58175152 -0.51452205  1.4568377   0.47235364
 -0.6710907   1.67178121  0.4321976   0.1007914   1.58888202  0.41943848]",17.232625814999892,28.08214300405234
[0.39216999 0.41866239],0.396,0.5144092219020173,0.7132564841498559,0.9639769452449568,0.4899135446685879,0.6512968299711815,0.9423631123919308,"[-0.70434711 -1.50097109 -0.40401719 -0.78233137  0.53689451  0.68516966
 -1.92205198  1.68714865  1.85676496 -0.33436692 -1.07364278 -0.05936144]","[ 0.45577688  1.7455533   0.58798773 -0.51148725  1.45395308  0.46747024
 -0.67222458  1.67478373  0.43197907  0.14120431  1.646628    0.61843639]","[-0.76964634 -4.4614668   0.06726879 -1.13357353  4.04769141  1.08114824
 -6.11872947  6.15592465  6.44610179 -0.33069291 -3.4783443   0.15536768]","[ 0.46529155  1.748411    0.59967208 -0.49908584  1.46345427  0.45702453
 -0.66710423  1.67423237  0.42955943  0.15886676  1.62989981  0.70114977]",16.11217815000009,29.23723227903247
[0.38239142 0.41428389],0.396,0.5144092219020173,0.7132564841498559,0.9639769452449568,0.5043227665706052,0.6685878962536023,0.9322766570605188,"[-0.70434711 -1.50097109 -0.40401719 -0.78233137  0.53689451  0.68516966
 -1.92205198  1.68714865  1.85676496 -0.33436692 -1.07364278 -0.05936144]","[ 0.45577688  1.7455533   0.58798773 -0.51148725  1.45395308  0.46747024
 -0.67222458  1.67478373  0.43197907  0.14120431  1.646628    0.61843639]","[-1.03023176 -5.24873277 -0.10462754 -1.00452127  3.7319615   0.91480086
 -5.86518287  5.71130044  6.2262934  -0.57761566 -4.20033018  0.18908173]","[ 0.46390854  1.74608814  0.59830886 -0.49815528  1.46279011  0.45574336
 -0.6655042   1.67265258  0.42857952  0.15170922  1.61866145  0.66950281]",21.523498817000018,35.54997205827385
[0.35744814 0.42571054],0.396,0.5144092219020173,0.7132564841498559,0.9639769452449568,0.5057636887608069,0.6613832853025937,0.9380403458213257,"[-0.70434711 -1.50097109 -0.40401719 -0.78233137  0.53689451  0.68516966
 -1.92205198  1.68714865  1.85676496 -0.33436692 -1.07364278 -0.05936144]","[ 0.45577688  1.7455533   0.58798773 -0.51148725  1.45395308  0.46747024
 -0.67222458  1.67478373  0.43197907  0.14120431  1.646628    0.61843639]","[-1.51718631 -5.3201444  -0.57289105 -1.49730936  3.00317081  1.21658882
 -6.71878919  5.56846788  7.08605262 -1.29661488 -5.3085452  -0.28788375]","[ 0.46112179  1.74570771  0.59467124 -0.5023162   1.45958804  0.45829657
 -0.67087514  1.67282715  0.43264675  0.13831649  1.61034703  0.61160962]",24.731605433000027,39.18713021557778
[0.38602846 0.41036422],0.396,0.5144092219020173,0.7132564841498559,0.9639769452449568,0.5086455331412104,0.6527377521613833,0.9510086455331412,"[-0.70434711 -1.50097109 -0.40401719 -0.78233137  0.53689451  0.68516966
 -1.92205198  1.68714865  1.85676496 -0.33436692 -1.07364278 -0.05936144]","[ 0.45577688  1.7455533   0.58798773 -0.51148725  1.45395308  0.46747024
 -0.67222458  1.67478373  0.43197907  0.14120431  1.646628    0.61843639]","[ -2.2106305   -6.77424335  -1.13706966  -2.27416183   3.04848542
   2.23073091  -7.06876894   5.85163471   7.47748864  -8.20536512
 -11.36290714  -5.07061836]","[ 0.45781925  1.74132576  0.59071104 -0.50870079  1.45927449  0.46686049
 -0.67257355  1.67339548  0.43427704  0.10159153  1.5929402   0.43229931]",22.181584662999967,34.623267092742026
[0.29573051 0.21183006],0.10599999999999998,0.5144092219020173,0.7132564841498559,0.9639769452449568,0.569164265129683,0.7593659942363112,0.9798270893371758,"[-0.70434711 -1.50097109 -0.40401719 -0.78233137  0.53689451  0.68516966
 -1.92205198  1.68714865  1.85676496 -0.33436692 -1.07364278 -0.05936144]","[ 0.45577688  1.7455533   0.58798773 -0.51148725  1.45395308  0.46747024
 -0.67222458  1.67478373  0.43197907  0.14120431  1.646628    0.61843639]","[-2.06973036 -5.34891183 -1.1997917  -2.08950347  1.35714365  2.20506265
 -5.36803972  3.92504933  5.56073962 -4.61253358 -8.0234609  -3.01889023]","[ 0.45476681  1.74040824  0.58720811 -0.51419635  1.45444465  0.47339185
 -0.67583688  1.67212681  0.43589879  0.10875556  1.58100899  0.45342493]",16.951270609999938,28.430000979453325
[0.3777728  0.39876979],0.396,0.5144092219020173,0.7132564841498559,0.9639769452449568,0.5144092219020173,0.670028818443804,0.9337175792507204,"[-0.70434711 -1.50097109 -0.40401719 -0.78233137  0.53689451  0.68516966
 -1.92205198  1.68714865  1.85676496 -0.33436692 -1.07364278 -0.05936144]","[ 0.45577688  1.7455533   0.58798773 -0.51148725  1.45395308  0.46747024
 -0.67222458  1.67478373  0.43197907  0.14120431  1.646628    0.61843639]","[-3.2688165  -7.72688426 -2.08764765 -2.12642303  1.95778122  2.12820831
 -6.80063907  6.05719678  7.0093017  -2.59680402 -6.77505753 -1.3439839 ]","[ 0.45222699  1.7384858   0.58377517 -0.50927734  1.45526516  0.46743229
 -0.67240765  1.67420429  0.43324809  0.12564438  1.60846823  0.53680453]",19.748235540999985,30.181937240995467
[0.53248573 0.14882433],0.09399999999999997,0.5144092219020173,0.7132564841498559,0.9639769452449568,0.5994236311239193,0.760806916426513,0.9668587896253602,"[-0.70434711 -1.50097109 -0.40401719 -0.78233137  0.53689451  0.68516966
 -1.92205198  1.68714865  1.85676496 -0.33436692 -1.07364278 -0.05936144]","[ 0.45577688  1.7455533   0.58798773 -0.51148725  1.45395308  0.46747024
 -0.67222458  1.67478373  0.43197907  0.14120431  1.646628    0.61843639]","[-3.51346281 -7.19327014 -2.57686142 -1.83502072  2.01488454  1.89907213
 -5.03812334  4.27942156  5.30534819 -2.57117366 -6.62970849 -1.45484887]","[ 0.4459727   1.73293008  0.57524124 -0.51112344  1.45839962  0.47013579
 -0.67256489  1.67283742  0.43433276  0.12084929  1.58310699  0.51341447]",23.90121326899998,37.5329431919381
[0.37533158 0.41982022],0.396,0.5144092219020173,0.7132564841498559,0.9639769452449568,0.5043227665706052,0.659942363112392,0.9322766570605188,"[-0.70434711 -1.50097109 -0.40401719 -0.78233137  0.53689451  0.68516966
 -1.92205198  1.68714865  1.85676496 -0.33436692 -1.07364278 -0.05936144]","[ 0.45577688  1.7455533   0.58798773 -0.51148725  1.45395308  0.46747024
 -0.67222458  1.67478373  0.43197907  0.14120431  1.646628    0.61843639]","[-2.88703242 -7.24819601 -1.78035193 -2.73949751  1.76464778  2.47667568
 -8.14647089  6.89102984  8.25794455 -4.38336433 -7.43125802 -2.44853032]","[ 0.4546189   1.74078494  0.58623765 -0.5122663   1.45375651  0.46842545
 -0.6793693   1.67570144  0.43824441  0.11488354  1.61999423  0.49472805]",23.83755738000002,40.22470899298787
[0.61900233 0.13764595],0.07699999999999996,0.5144092219020173,0.7132564841498559,0.9639769452449568,0.622478386167147,0.7824207492795389,0.9711815561959655,"[-0.70434711 -1.50097109 -0.40401719 -0.78233137  0.53689451  0.68516966
 -1.92205198  1.68714865  1.85676496 -0.33436692 -1.07364278 -0.05936144]","[ 0.45577688  1.7455533   0.58798773 -0.51148725  1.45395308  0.46747024
 -0.67222458  1.67478373  0.43197907  0.14120431  1.646628    0.61843639]","[-3.07208519 -7.00696955 -2.2566963  -2.40755696  1.27273762  2.48802515
 -5.17497905  4.68972539  5.45825572 -1.2526253  -4.02281181 -0.44733109]","[ 0.44853261  1.73347569  0.57795862 -0.51694566  1.45329697  0.47549862
 -0.67337451  1.67433253  0.43445527  0.13651251  1.61948513  0.59034035]",24.361286698999947,41.54635670874268
[0.35736179 0.42750525],0.396,0.5144092219020173,0.7132564841498559,0.9639769452449568,0.4783861671469741,0.6570605187319885,0.9553314121037464,"[-0.70434711 -1.50097109 -0.40401719 -0.78233137  0.53689451  0.68516966
 -1.92205198  1.68714865  1.85676496 -0.33436692 -1.07364278 -0.05936144]","[ 0.45577688  1.7455533   0.58798773 -0.51148725  1.45395308  0.46747024
 -0.67222458  1.67478373  0.43197907  0.14120431  1.646628    0.61843639]","[-3.20676908 -7.6853529  -2.09115454 -1.14709384  3.18215497  1.03866645
 -7.21035478  6.68038219  7.45827752 -0.46856036 -2.97950929  0.22039632]","[ 0.45224951  1.73708655  0.58355617 -0.49946457  1.46008894  0.45704192
 -0.67591915  1.6761535   0.43597107  0.15500912  1.64938497  0.67328194]",19.829568308999796,33.83976143784821
[0.05110762 1.51045788],0.277,0.5144092219020173,0.7132564841498559,0.9639769452449568,0.5662824207492796,0.739193083573487,0.9711815561959655,"[-0.70434711 -1.50097109 -0.40401719 -0.78233137  0.53689451  0.68516966
 -1.92205198  1.68714865  1.85676496 -0.33436692 -1.07364278 -0.05936144]","[ 0.45577688  1.7455533   0.58798773 -0.51148725  1.45395308  0.46747024
 -0.67222458  1.67478373  0.43197907  0.14120431  1.646628    0.61843639]","[-5.10997268e-01 -2.66752663e+00 -5.31378563e-02 -1.39052199e+00
  1.33852703e+00  1.08735086e+00 -3.66345921e+00  3.43418109e+00
  3.75847831e+00 -7.02322382e-01 -2.84936828e+00 -3.29409722e-03]","[ 0.46432872  1.74674108  0.5983345  -0.51117774  1.45712824  0.46490168
 -0.67334033  1.67509859  0.43461477  0.13780525  1.61377622  0.64284291]",23.72953560100018,36.027893527410924
[0.36719698 0.40582993],0.396,0.5144092219020173,0.7132564841498559,0.9639769452449568,0.5172910662824207,0.6829971181556196,0.9510086455331412,"[-0.70434711 -1.50097109 -0.40401719 -0.78233137  0.53689451  0.68516966
 -1.92205198  1.68714865  1.85676496 -0.33436692 -1.07364278 -0.05936144]","[ 0.45577688  1.7455533   0.58798773 -0.51148725  1.45395308  0.46747024
 -0.67222458  1.67478373  0.43197907  0.14120431  1.646628    0.61843639]","[-2.9058104  -6.53081892 -1.96089795 -2.50448992  2.37283663  2.40069393
 -5.72701616  5.22390781  6.18829773 -4.9871092  -9.5967853  -2.88923655]","[ 0.45337434  1.74137751  0.58418779 -0.51271772  1.45768098  0.46964522
 -0.66532966  1.67182119  0.42914714  0.11161115  1.58652506  0.478939  ]",28.13302313600002,41.45475078187883
[0.37054266 0.4037915 ],0.396,0.5144092219020173,0.7132564841498559,0.9639769452449568,0.5288184438040345,0.6642651296829971,0.9380403458213257,"[-0.70434711 -1.50097109 -0.40401719 -0.78233137  0.53689451  0.68516966
 -1.92205198  1.68714865  1.85676496 -0.33436692 -1.07364278 -0.05936144]","[ 0.45577688  1.7455533   0.58798773 -0.51148725  1.45395308  0.46747024
 -0.67222458  1.67478373  0.43197907  0.14120431  1.646628    0.61843639]","[-2.93018385 -6.85528613 -1.894291   -1.25546637  3.18984481  1.13181332
 -6.04673432  5.7265862   6.34211763 -1.94754673 -4.82725547 -0.84768028]","[ 0.45356154  1.7404638   0.58498685 -0.50125795  1.46091433  0.45838218
 -0.66797916  1.67355473  0.43006183  0.13092954  1.63332812  0.5655576 ]",17.485656971000026,26.879707516171038
[0.36804267 0.42245533],0.396,0.5144092219020173,0.7132564841498559,0.9639769452449568,0.5201729106628242,0.670028818443804,0.946685878962536,"[-0.70434711 -1.50097109 -0.40401719 -0.78233137  0.53689451  0.68516966
 -1.92205198  1.68714865  1.85676496 -0.33436692 -1.07364278 -0.05936144]","[ 0.45577688  1.7455533   0.58798773 -0.51148725  1.45395308  0.46747024
 -0.67222458  1.67478373  0.43197907  0.14120431  1.646628    0.61843639]","[-1.57411652 -5.08797964 -0.67954611 -2.46188109  2.40488036  2.20633046
 -7.02263259  5.36366396  7.29217    -2.02913606 -5.51248358 -0.78828478]","[ 0.4609832   1.74689636  0.59396924 -0.51059145  1.45635911  0.46674176
 -0.67263111  1.67223843  0.43351855  0.13052926  1.61983842  0.57177357]",17.882213323000087,30.51479598879814
[0.36610983 0.41285622],0.396,0.5144092219020173,0.7132564841498559,0.9639769452449568,0.5072046109510087,0.6628242074927954,0.9452449567723343,"[-0.70434711 -1.50097109 -0.40401719 -0.78233137  0.53689451  0.68516966
 -1.92205198  1.68714865  1.85676496 -0.33436692 -1.07364278 -0.05936144]","[ 0.45577688  1.7455533   0.58798773 -0.51148725  1.45395308  0.46747024
 -0.67222458  1.67478373  0.43197907  0.14120431  1.646628    0.61843639]","[-2.00643514 -6.45690375 -0.96257233 -2.20830583  2.32678544  2.12669783
 -7.73621065  6.745823    7.87876397 -3.26841854 -8.23027811 -1.75224662]","[ 0.45861159  1.74201061  0.59180747 -0.50981442  1.45695631  0.46729561
 -0.68000736  1.6763517   0.43814203  0.12025198  1.59268387  0.5165503 ]",20.756520762000036,31.64122657291591
[0.35495766 0.42448526],0.396,0.5144092219020173,0.7132564841498559,0.9639769452449568,0.49855907780979825,0.6498559077809798,0.9265129682997119,"[-0.70434711 -1.50097109 -0.40401719 -0.78233137  0.53689451  0.68516966
 -1.92205198  1.68714865  1.85676496 -0.33436692 -1.07364278 -0.05936144]","[ 0.45577688  1.7455533   0.58798773 -0.51148725  1.45395308  0.46747024
 -0.67222458  1.67478373  0.43197907  0.14120431  1.646628    0.61843639]","[-3.5771697  -8.28691569 -2.35085777 -1.90737846  4.05047804  1.80435967
 -7.0731552   6.42654972  7.16553805 -0.03427138 -2.79801607  1.62921537]","[ 0.45126337  1.73778166  0.58237973 -0.50027803  1.46057634  0.45785287
 -0.67178638  1.67389093  0.43284132  0.16958714  1.65707495  0.73831319]",30.903740581999955,48.737498793751
[0.10046207 0.46750957],0.10600000000000004,0.5144092219020173,0.7132564841498559,0.9639769452449568,0.547550432276657,0.7449567723342939,0.984149855907781,"[-0.70434711 -1.50097109 -0.40401719 -0.78233137  0.53689451  0.68516966
 -1.92205198  1.68714865  1.85676496 -0.33436692 -1.07364278 -0.05936144]","[ 0.45577688  1.7455533   0.58798773 -0.51148725  1.45395308  0.46747024
 -0.67222458  1.67478373  0.43197907  0.14120431  1.646628    0.61843639]","[-1.02046135 -4.48849007 -0.39503096 -1.08039289  3.11282338  1.05902941
 -4.816318    4.72358072  4.96847693 -3.65401161 -7.25560465 -2.14759662]","[ 0.46115326  1.74037685  0.59449484 -0.50331287  1.46620246  0.46191234
 -0.67556969  1.67768453  0.43586703  0.11020359  1.56266424  0.4712804 ]",25.399881984000103,38.334382952190936
[0.37400594 0.41631631],0.396,0.5144092219020173,0.7132564841498559,0.9639769452449568,0.5288184438040345,0.6858789625360231,0.9380403458213257,"[-0.70434711 -1.50097109 -0.40401719 -0.78233137  0.53689451  0.68516966
 -1.92205198  1.68714865  1.85676496 -0.33436692 -1.07364278 -0.05936144]","[ 0.45577688  1.7455533   0.58798773 -0.51148725  1.45395308  0.46747024
 -0.67222458  1.67478373  0.43197907  0.14120431  1.646628    0.61843639]","[-1.66925201 -6.09111508 -0.59084169 -2.6323616   1.88951177  2.41913082
 -5.98897255  6.07011812  6.3531214  -6.01793899 -9.7658475  -3.63723478]","[ 0.46046128  1.74334448  0.59460465 -0.51346858  1.45471767  0.4695247
 -0.66642301  1.67396996  0.42932688  0.10772199  1.59687773  0.46038911]",22.11804400999995,41.941564083099365
[0.37696882 0.41925063],0.396,0.5144092219020173,0.7132564841498559,0.9639769452449568,0.5,0.6757925072046109,0.9582132564841499,"[-0.70434711 -1.50097109 -0.40401719 -0.78233137  0.53689451  0.68516966
 -1.92205198  1.68714865  1.85676496 -0.33436692 -1.07364278 -0.05936144]","[ 0.45577688  1.7455533   0.58798773 -0.51148725  1.45395308  0.46747024
 -0.67222458  1.67478373  0.43197907  0.14120431  1.646628    0.61843639]","[-2.05457601 -6.6255368  -0.94257631 -1.14616483  3.67156034  1.15083421
 -5.29002393  5.77298932  5.62389107 -1.83150367 -6.91462874 -0.75489277]","[ 0.4583339   1.74177021  0.59194555 -0.4999929   1.46422134  0.45818389
 -0.66147487  1.67243378  0.42568     0.13256754  1.58766416  0.57284396]",20.18680588699999,35.5601201178506
[0.36492494 0.40681426],0.396,0.5144092219020173,0.7132564841498559,0.9639769452449568,0.5288184438040345,0.6657060518731989,0.9481268011527377,"[-0.70434711 -1.50097109 -0.40401719 -0.78233137  0.53689451  0.68516966
 -1.92205198  1.68714865  1.85676496 -0.33436692 -1.07364278 -0.05936144]","[ 0.45577688  1.7455533   0.58798773 -0.51148725  1.45395308  0.46747024
 -0.67222458  1.67478373  0.43197907  0.14120431  1.646628    0.61843639]","[-3.04004946 -8.10444229 -1.80738241 -1.70802358  2.46605937  1.7931261
 -6.76075444  6.77622987  6.98181191 -2.38830883 -7.4990526  -1.24635874]","[ 0.4532767   1.73638738  0.58565631 -0.50421626  1.45729172  0.4632892
 -0.67121451  1.67547179  0.43258536  0.12883509  1.59385297  0.54453221]",18.021059099000013,29.84127776697278
[0.37691905 0.41582169],0.396,0.5144092219020173,0.7132564841498559,0.9639769452449568,0.49855907780979825,0.6512968299711815,0.9438040345821326,"[-0.70434711 -1.50097109 -0.40401719 -0.78233137  0.53689451  0.68516966
 -1.92205198  1.68714865  1.85676496 -0.33436692 -1.07364278 -0.05936144]","[ 0.45577688  1.7455533   0.58798773 -0.51148725  1.45395308  0.46747024
 -0.67222458  1.67478373  0.43197907  0.14120431  1.646628    0.61843639]","[-0.73452038 -4.78568577  0.09905083 -1.02346081  5.7455034   1.22967924
 -5.96018179  6.08107541  6.13221351  0.43108284 -5.26213266  0.28658931]","[ 0.46554881  1.74721092  0.59992463 -0.49534013  1.46573371  0.45463427
 -0.66560704  1.67377605  0.42788316  0.17127227  1.54213343  0.74998995]",21.470604442999957,36.07512418087572
[0.47120229 0.15305194],0.10999999999999999,0.5144092219020173,0.7132564841498559,0.9639769452449568,0.5835734870317003,0.7550432276657061,0.9726224783861671,"[-0.70434711 -1.50097109 -0.40401719 -0.78233137  0.53689451  0.68516966
 -1.92205198  1.68714865  1.85676496 -0.33436692 -1.07364278 -0.05936144]","[ 0.45577688  1.7455533   0.58798773 -0.51148725  1.45395308  0.46747024
 -0.67222458  1.67478373  0.43197907  0.14120431  1.646628    0.61843639]","[-2.40630013 -5.28719252 -1.51821102 -1.65022428  1.91377662  1.5145812
 -5.26639216  4.84087487  5.40123355 -1.49555431 -5.2314281  -0.5931695 ]","[ 0.45208461  1.74057266  0.58392008 -0.50915356  1.45841523  0.46539206
 -0.6764076   1.67557576  0.4355768   0.13036335  1.5780986   0.57152851]",25.179602709999926,38.4282790152356
[0.38950102 0.39681001],0.396,0.5144092219020173,0.7132564841498559,0.9639769452449568,0.5144092219020173,0.6512968299711815,0.9322766570605188,"[-0.70434711 -1.50097109 -0.40401719 -0.78233137  0.53689451  0.68516966
 -1.92205198  1.68714865  1.85676496 -0.33436692 -1.07364278 -0.05936144]","[ 0.45577688  1.7455533   0.58798773 -0.51148725  1.45395308  0.46747024
 -0.67222458  1.67478373  0.43197907  0.14120431  1.646628    0.61843639]","[-3.07721002 -7.20328987 -1.97411849 -3.06138479  1.31135091  2.69442502
 -8.00474265  5.90894944  8.19732285 -5.57333906 -7.8275358  -3.19154485]","[ 0.45355242  1.74067731  0.58486997 -0.51614693  1.4514514   0.47111589
 -0.68098029  1.67397244  0.43955427  0.10909482  1.61743912  0.47206265]",17.77782233500011,29.72078302782029
[0.46964187 0.15313846],0.10999999999999999,0.5144092219020173,0.7132564841498559,0.9639769452449568,0.5547550432276657,0.7636887608069164,0.9711815561959655,"[-0.70434711 -1.50097109 -0.40401719 -0.78233137  0.53689451  0.68516966
 -1.92205198  1.68714865  1.85676496 -0.33436692 -1.07364278 -0.05936144]","[ 0.45577688  1.7455533   0.58798773 -0.51148725  1.45395308  0.46747024
 -0.67222458  1.67478373  0.43197907  0.14120431  1.646628    0.61843639]","[ -1.26201369  -4.69724252  -0.45387681  -2.95946207   0.69543812
   2.94039293  -5.08722739   4.193422     5.24307565  -8.05400884
 -10.04913963  -5.53848198]","[ 0.4603026   1.7423257   0.59444841 -0.52626405  1.44963401  0.48399568
 -0.67208282  1.67307604  0.43297256  0.09565961  1.58660193  0.39406484]",17.355837838999832,29.062025694176555
[0.35155765 0.42253894],0.396,0.5144092219020173,0.7132564841498559,0.9639769452449568,0.49135446685878964,0.6527377521613833,0.9423631123919308,"[-0.70434711 -1.50097109 -0.40401719 -0.78233137  0.53689451  0.68516966
 -1.92205198  1.68714865  1.85676496 -0.33436692 -1.07364278 -0.05936144]","[ 0.45577688  1.7455533   0.58798773 -0.51148725  1.45395308  0.46747024
 -0.67222458  1.67478373  0.43197907  0.14120431  1.646628    0.61843639]","[-2.67030301 -7.29055743 -1.54477203 -1.54969475  2.96007532  1.54347696
 -7.04152298  6.33151964  7.29367538 -1.7895785  -6.7792417  -0.67409727]","[ 0.45527663  1.73977021  0.58763145 -0.50350755  1.46032788  0.4616825
 -0.67540586  1.67478285  0.43568912  0.1325261   1.58541395  0.57811257]",21.23931536000009,32.673659699968994
[0.35830167 0.41549991],0.396,0.5144092219020173,0.7132564841498559,0.9639769452449568,0.5028818443804035,0.670028818443804,0.9495677233429395,"[-0.70434711 -1.50097109 -0.40401719 -0.78233137  0.53689451  0.68516966
 -1.92205198  1.68714865  1.85676496 -0.33436692 -1.07364278 -0.05936144]","[ 0.45577688  1.7455533   0.58798773 -0.51148725  1.45395308  0.46747024
 -0.67222458  1.67478373  0.43197907  0.14120431  1.646628    0.61843639]","[-2.13498059 -7.03511917 -1.09524264 -2.05126966  2.77926574  2.18458464
 -6.05645     6.52219209  6.30678479 -2.32489026 -8.3145918  -1.15497545]","[ 0.45781775  1.73977843  0.59068106 -0.50873017  1.4594511   0.46839321
 -0.66732151  1.67536926  0.42974463  0.12806104  1.56342785  0.54686127]",21.631002039000123,36.39698720071465
[0.36104237 0.41337206],0.396,0.5144092219020173,0.7132564841498559,0.9639769452449568,0.5072046109510087,0.6556195965417867,0.9438040345821326,"[-0.70434711 -1.50097109 -0.40401719 -0.78233137  0.53689451  0.68516966
 -1.92205198  1.68714865  1.85676496 -0.33436692 -1.07364278 -0.05936144]","[ 0.45577688  1.7455533   0.58798773 -0.51148725  1.45395308  0.46747024
 -0.67222458  1.67478373  0.43197907  0.14120431  1.646628    0.61843639]","[-3.3414415  -7.29183333 -2.22937711 -3.08856902  1.25937743  2.94336409
 -6.63904655  5.70981634  6.82863572 -4.83344057 -9.17281262 -2.76958441]","[ 0.45166511  1.73978652  0.58266875 -0.51980504  1.45205804  0.47598028
 -0.67098893  1.67285376  0.43223012  0.1108318   1.59585947  0.47788748]",24.715267059000098,39.76170901954174
[0.36645385 0.40813004],0.396,0.5144092219020173,0.7132564841498559,0.9639769452449568,0.5028818443804035,0.6729106628242075,0.9481268011527377,"[-0.70434711 -1.50097109 -0.40401719 -0.78233137  0.53689451  0.68516966
 -1.92205198  1.68714865  1.85676496 -0.33436692 -1.07364278 -0.05936144]","[ 0.45577688  1.7455533   0.58798773 -0.51148725  1.45395308  0.46747024
 -0.67222458  1.67478373  0.43197907  0.14120431  1.646628    0.61843639]","[ -2.48205247  -6.4911341   -1.56132961  -2.42840263   2.36831645
   2.33528438  -6.18246923   5.33756357   6.56806505  -6.51454946
 -10.26320325  -3.95267526]","[ 0.45586035  1.74211657  0.58719802 -0.5108992   1.45753327  0.46829595
 -0.66750057  1.6716842   0.43066864  0.10647593  1.59672775  0.45290356]",20.408398658999886,36.3350964775309
[0.37441463 0.40343355],0.396,0.5144092219020173,0.7132564841498559,0.9639769452449568,0.521613832853026,0.6642651296829971,0.9394812680115274,"[-0.70434711 -1.50097109 -0.40401719 -0.78233137  0.53689451  0.68516966
 -1.92205198  1.68714865  1.85676496 -0.33436692 -1.07364278 -0.05936144]","[ 0.45577688  1.7455533   0.58798773 -0.51148725  1.45395308  0.46747024
 -0.67222458  1.67478373  0.43197907  0.14120431  1.646628    0.61843639]","[-1.26355841 -5.73873806 -0.23714987 -0.34430636  4.52235561  0.35061919
 -6.20251888  6.55813281  6.45416357 -0.98840666 -3.57983317 -0.10905843]","[ 0.462409    1.74402864  0.59722797 -0.49261517  1.46526877  0.45106696
 -0.66842477  1.67527822  0.43035225  0.14528078  1.64616631  0.63194892]",21.567919203999963,35.830418419092894
[0.36673012 0.42376355],0.396,0.5144092219020173,0.7132564841498559,0.9639769452449568,0.5057636887608069,0.6527377521613833,0.930835734870317,"[-0.70434711 -1.50097109 -0.40401719 -0.78233137  0.53689451  0.68516966
 -1.92205198  1.68714865  1.85676496 -0.33436692 -1.07364278 -0.05936144]","[ 0.45577688  1.7455533   0.58798773 -0.51148725  1.45395308  0.46747024
 -0.67222458  1.67478373  0.43197907  0.14120431  1.646628    0.61843639]","[-2.95936541 -7.55260027 -1.86644246 -2.02250278  2.67248758  1.87185375
 -7.01037544  6.51386487  7.25964352 -1.88918015 -5.71275393 -0.68480655]","[ 0.45369212  1.73915103  0.5852012  -0.50650788  1.4587197   0.46334701
 -0.67327203  1.67436356  0.43429611  0.13257057  1.61271118  0.58037606]",27.806081521999886,43.65359096694738
[0.38018509 0.412025  ],0.396,0.5144092219020173,0.7132564841498559,0.9639769452449568,0.47406340057636887,0.6368876080691642,0.9438040345821326,"[-0.70434711 -1.50097109 -0.40401719 -0.78233137  0.53689451  0.68516966
 -1.92205198  1.68714865  1.85676496 -0.33436692 -1.07364278 -0.05936144]","[ 0.45577688  1.7455533   0.58798773 -0.51148725  1.45395308  0.46747024
 -0.67222458  1.67478373  0.43197907  0.14120431  1.646628    0.61843639]","[-3.13885694 -7.30977556 -2.05685812 -1.27331128  3.39531099  1.16599469
 -6.84918582  6.41475442  7.06591977 -1.03808728 -5.12660927 -0.115683  ]","[ 0.45303231  1.73915505  0.58426755 -0.50021953  1.4605421   0.45774956
 -0.67217311  1.67519544  0.43277923  0.14353066  1.60740737  0.6307573 ]",20.11729238399994,33.61451351176947
[0.36141156 0.41928474],0.396,0.5144092219020173,0.7132564841498559,0.9639769452449568,0.4899135446685879,0.6556195965417867,0.9394812680115274,"[-0.70434711 -1.50097109 -0.40401719 -0.78233137  0.53689451  0.68516966
 -1.92205198  1.68714865  1.85676496 -0.33436692 -1.07364278 -0.05936144]","[ 0.45577688  1.7455533   0.58798773 -0.51148725  1.45395308  0.46747024
 -0.67222458  1.67478373  0.43197907  0.14120431  1.646628    0.61843639]","[ -2.25625434  -6.80320572  -1.11562403  -2.88295942   1.79206005
   2.875928    -6.93331837   5.72542146   7.19521727  -8.82618448
 -12.34084968  -5.82839104]","[ 0.45750603  1.74118756  0.59078067 -0.51492618  1.4544014   0.47290989
 -0.67247618  1.67286849  0.43393311  0.10102602  1.58719988  0.420324  ]",21.56213932300011,35.56340588722378
[0.40932294 0.31369178],0.347,0.5144092219020173,0.7132564841498559,0.9639769452449568,0.5288184438040345,0.659942363112392,0.9553314121037464,"[-0.70434711 -1.50097109 -0.40401719 -0.78233137  0.53689451  0.68516966
 -1.92205198  1.68714865  1.85676496 -0.33436692 -1.07364278 -0.05936144]","[ 0.45577688  1.7455533   0.58798773 -0.51148725  1.45395308  0.46747024
 -0.67222458  1.67478373  0.43197907  0.14120431  1.646628    0.61843639]","[ -3.82403024  -8.44025161  -2.59006033  -2.73719496   1.59246287
   2.72066222  -6.54811895   5.44264594   6.86277317  -7.29109031
 -11.19860709  -4.7460529 ]","[ 0.44899152  1.73588086  0.57968053 -0.51529706  1.45428141  0.472811
 -0.6732628   1.67294523  0.43466579  0.10302882  1.57735142  0.4320834 ]",18.542179981000118,27.466638420708477
[0.38043403 0.412263  ],0.396,0.5144092219020173,0.7132564841498559,0.9639769452449568,0.5,0.6743515850144092,0.9279538904899135,"[-0.70434711 -1.50097109 -0.40401719 -0.78233137  0.53689451  0.68516966
 -1.92205198  1.68714865  1.85676496 -0.33436692 -1.07364278 -0.05936144]","[ 0.45577688  1.7455533   0.58798773 -0.51148725  1.45395308  0.46747024
 -0.67222458  1.67478373  0.43197907  0.14120431  1.646628    0.61843639]","[-3.153547   -7.57596546 -2.00106148 -2.59631065  1.90404859  2.54573723
 -7.33196533  6.20333932  7.6200341  -2.8320095  -7.83217356 -1.46150014]","[ 0.45282467  1.73954617  0.58435027 -0.51275706  1.45494033  0.47048833
 -0.67542802  1.67411856  0.4360665   0.12498978  1.59475176  0.53394969]",18.77995078899994,28.11828416865319
[0.36994951 0.42481728],0.396,0.5144092219020173,0.7132564841498559,0.9639769452449568,0.5086455331412104,0.6786743515850144,0.9553314121037464,"[-0.70434711 -1.50097109 -0.40401719 -0.78233137  0.53689451  0.68516966
 -1.92205198  1.68714865  1.85676496 -0.33436692 -1.07364278 -0.05936144]","[ 0.45577688  1.7455533   0.58798773 -0.51148725  1.45395308  0.46747024
 -0.67222458  1.67478373  0.43197907  0.14120431  1.646628    0.61843639]","[ -2.57223386  -6.88313731  -1.59412519  -2.81631709   1.81262716
   2.85266115  -6.28639342   6.44331808   6.64960156  -6.36232484
 -10.7989029   -4.07633354]","[ 0.45586709  1.74122003  0.5873585  -0.51530582  1.45437122  0.47379959
 -0.66808911  1.67468666  0.43074969  0.10843686  1.59034171  0.4531085 ]",23.581123413000114,41.31734398379922
[0.35504485 0.42663685],0.396,0.5144092219020173,0.7132564841498559,0.9639769452449568,0.45821325648414984,0.6253602305475504,0.9351585014409222,"[-0.70434711 -1.50097109 -0.40401719 -0.78233137  0.53689451  0.68516966
 -1.92205198  1.68714865  1.85676496 -0.33436692 -1.07364278 -0.05936144]","[ 0.45577688  1.7455533   0.58798773 -0.51148725  1.45395308  0.46747024
 -0.67222458  1.67478373  0.43197907  0.14120431  1.646628    0.61843639]","[-2.93887256 -7.52687288 -1.78388903 -2.9949805   1.27700749  2.95846521
 -7.17213411  6.13273469  7.61086159 -5.93812565 -8.80705015 -3.7605939 ]","[ 0.45386177  1.73857635  0.58590089 -0.51798951  1.45174988  0.47570519
 -0.67631811  1.67488055  0.43717003  0.10911523  1.61717198  0.45765401]",24.468016360000092,41.146550346165895
[0.37818105 0.4103129 ],0.396,0.5144092219020173,0.7132564841498559,0.9639769452449568,0.5014409221902018,0.6512968299711815,0.9409221902017291,"[-0.70434711 -1.50097109 -0.40401719 -0.78233137  0.53689451  0.68516966
 -1.92205198  1.68714865  1.85676496 -0.33436692 -1.07364278 -0.05936144]","[ 0.45577688  1.7455533   0.58798773 -0.51148725  1.45395308  0.46747024
 -0.67222458  1.67478373  0.43197907  0.14120431  1.646628    0.61843639]","[-2.88359118 -7.27198831 -1.85574334 -2.10374918  2.66337443  1.98927341
 -6.69265514  5.73285808  7.13841826 -2.1277197  -6.9015456  -0.94303599]","[ 0.45425084  1.73888662  0.58550126 -0.50742428  1.45790166  0.46502196
 -0.67058546  1.67311388  0.43313899  0.13092259  1.6003505   0.5628966 ]",23.069749727999806,35.852979890070856
[0.3579523  0.42273572],0.396,0.5144092219020173,0.7132564841498559,0.9639769452449568,0.4884726224783862,0.6585014409221902,0.9452449567723343,"[-0.70434711 -1.50097109 -0.40401719 -0.78233137  0.53689451  0.68516966
 -1.92205198  1.68714865  1.85676496 -0.33436692 -1.07364278 -0.05936144]","[ 0.45577688  1.7455533   0.58798773 -0.51148725  1.45395308  0.46747024
 -0.67222458  1.67478373  0.43197907  0.14120431  1.646628    0.61843639]","[-2.57218994 -6.35121434 -1.49883251 -1.97266941  2.27844497  1.74982354
 -6.65547589  4.97924268  6.86006782 -3.44676646 -6.83366249 -1.88644998]","[ 0.45565844  1.7424526   0.5879522  -0.50645548  1.45630097  0.46271993
 -0.66945222  1.67090492  0.43116482  0.12024269  1.62033667  0.51500568]",20.980958440999984,33.66752253472805
[0.38961073 0.40122984],0.396,0.5144092219020173,0.7132564841498559,0.9639769452449568,0.5043227665706052,0.6512968299711815,0.9409221902017291,"[-0.70434711 -1.50097109 -0.40401719 -0.78233137  0.53689451  0.68516966
 -1.92205198  1.68714865  1.85676496 -0.33436692 -1.07364278 -0.05936144]","[ 0.45577688  1.7455533   0.58798773 -0.51148725  1.45395308  0.46747024
 -0.67222458  1.67478373  0.43197907  0.14120431  1.646628    0.61843639]","[-3.1100601  -7.61200036 -1.93723273 -2.28603747  1.93877246  2.11957503
 -7.94930459  6.44024254  8.06783084 -3.16044612 -7.32899179 -1.70068695]","[ 0.4533905   1.73857057  0.58508365 -0.50937695  1.45479282  0.46640369
 -0.67984223  1.67509036  0.43859584  0.1225314   1.6097909   0.52264625]",20.238951834999625,32.71477401163429
[0.43552915 0.15433387],0.11300000000000004,0.5144092219020173,0.7132564841498559,0.9639769452449568,0.5922190201729106,0.7521613832853026,0.9726224783861671,"[-0.70434711 -1.50097109 -0.40401719 -0.78233137  0.53689451  0.68516966
 -1.92205198  1.68714865  1.85676496 -0.33436692 -1.07364278 -0.05936144]","[ 0.45577688  1.7455533   0.58798773 -0.51148725  1.45395308  0.46747024
 -0.67222458  1.67478373  0.43197907  0.14120431  1.646628    0.61843639]","[-2.10858816 -5.08639155 -1.31231417 -1.62638341  1.89732359  1.60799924
 -4.44847609  4.35613424  4.75143141 -2.07937979 -4.98405974 -1.10339224]","[ 0.45399472  1.74052824  0.58579109 -0.50896369  1.45784539  0.4668173
 -0.66816603  1.67385012  0.43084692  0.1251367   1.61124151  0.53393381]",24.063191549000294,40.017483631148934
[0.37685378 0.41010949],0.396,0.5144092219020173,0.7132564841498559,0.9639769452449568,0.5086455331412104,0.6585014409221902,0.9394812680115274,"[-0.70434711 -1.50097109 -0.40401719 -0.78233137  0.53689451  0.68516966
 -1.92205198  1.68714865  1.85676496 -0.33436692 -1.07364278 -0.05936144]","[ 0.45577688  1.7455533   0.58798773 -0.51148725  1.45395308  0.46747024
 -0.67222458  1.67478373  0.43197907  0.14120431  1.646628    0.61843639]","[-3.12146308 -7.38492477 -1.85922166 -1.57342787  3.07960695  1.47583834
 -7.48946768  6.74064834  7.61212987 -1.94268165 -5.98107511 -0.82484291]","[ 0.45312216  1.7395936   0.58559157 -0.50291165  1.4598054   0.46036792
 -0.67682289  1.67580085  0.43579696  0.13190147  1.6122575   0.56899452]",20.622208695000154,32.82621153909713
[0.38634011 0.42060126],0.396,0.5144092219020173,0.7132564841498559,0.9639769452449568,0.49135446685878964,0.6484149855907781,0.9337175792507204,"[-0.70434711 -1.50097109 -0.40401719 -0.78233137  0.53689451  0.68516966
 -1.92205198  1.68714865  1.85676496 -0.33436692 -1.07364278 -0.05936144]","[ 0.45577688  1.7455533   0.58798773 -0.51148725  1.45395308  0.46747024
 -0.67222458  1.67478373  0.43197907  0.14120431  1.646628    0.61843639]","[-1.77552405 -6.14323461 -0.71413813 -1.4918461   4.00975876  1.55385303
 -5.81157228  6.19656108  6.11661245 -2.88195832 -7.8739958  -1.45146421]","[ 0.46012136  1.74378676  0.5938018  -0.50215192  1.46383847  0.46100528
 -0.66366553  1.67364539  0.42707948  0.12449395  1.59101986  0.53554032]",27.317841101999875,41.29965069424361
[0.37928967 0.41384459],0.396,0.5144092219020173,0.7132564841498559,0.9639769452449568,0.5172910662824207,0.6657060518731989,0.9351585014409222,"[-0.70434711 -1.50097109 -0.40401719 -0.78233137  0.53689451  0.68516966
 -1.92205198  1.68714865  1.85676496 -0.33436692 -1.07364278 -0.05936144]","[ 0.45577688  1.7455533   0.58798773 -0.51148725  1.45395308  0.46747024
 -0.67222458  1.67478373  0.43197907  0.14120431  1.646628    0.61843639]","[-2.72576993 -7.12861901 -1.70883565 -2.51287631  2.10668095  2.43291379
 -6.79417375  5.76532915  7.05706838 -5.65926198 -9.23150279 -3.36933866]","[ 0.45480121  1.74047856  0.58631098 -0.51261711  1.45587922  0.46995364
 -0.67292005  1.67320116  0.43385659  0.10909266  1.60070555  0.46688597]",19.41420008499972,33.658518850803375
[0.47949579 0.15213165],0.10899999999999999,0.5144092219020173,0.7132564841498559,0.9639769452449568,0.5965417867435159,0.7579250720461095,0.9812680115273775,"[-0.70434711 -1.50097109 -0.40401719 -0.78233137  0.53689451  0.68516966
 -1.92205198  1.68714865  1.85676496 -0.33436692 -1.07364278 -0.05936144]","[ 0.45577688  1.7455533   0.58798773 -0.51148725  1.45395308  0.46747024
 -0.67222458  1.67478373  0.43197907  0.14120431  1.646628    0.61843639]","[-1.5891166  -5.20102494 -0.75849798 -1.31954634  2.58393844  1.37582954
 -4.52907189  4.54008263  4.78782111 -1.15423522 -5.1355204  -0.42755393]","[ 0.45805566  1.73997573  0.59148181 -0.50460909  1.46138645  0.46351312
 -0.66759702  1.67418491  0.42997347  0.13579226  1.57579143  0.58749561]",14.693020621999949,23.103888468816876
[0.38521505 0.41820835],0.396,0.5144092219020173,0.7132564841498559,0.9639769452449568,0.515850144092219,0.6685878962536023,0.9409221902017291,"[-0.70434711 -1.50097109 -0.40401719 -0.78233137  0.53689451  0.68516966
 -1.92205198  1.68714865  1.85676496 -0.33436692 -1.07364278 -0.05936144]","[ 0.45577688  1.7455533   0.58798773 -0.51148725  1.45395308  0.46747024
 -0.67222458  1.67478373  0.43197907  0.14120431  1.646628    0.61843639]","[-2.34994704 -6.13939523 -1.265018   -2.57697886  2.01375738  2.51806565
 -6.63914919  5.54602732  6.92748557 -5.81373861 -8.73492341 -3.5285901 ]","[ 0.45698223  1.74366909  0.58974867 -0.51188959  1.45474015  0.46954687
 -0.66937642  1.67249095  0.43116691  0.10941442  1.61220648  0.46508412]",20.2208116099996,35.75916784349829
[0.38729779 0.41095806],0.396,0.5144092219020173,0.7132564841498559,0.9639769452449568,0.4769452449567723,0.6440922190201729,0.9394812680115274,"[-0.70434711 -1.50097109 -0.40401719 -0.78233137  0.53689451  0.68516966
 -1.92205198  1.68714865  1.85676496 -0.33436692 -1.07364278 -0.05936144]","[ 0.45577688  1.7455533   0.58798773 -0.51148725  1.45395308  0.46747024
 -0.67222458  1.67478373  0.43197907  0.14120431  1.646628    0.61843639]","[-1.53615963 -5.62249289 -0.47302855 -2.07461395  4.52240819  1.75731156
 -6.47509458  5.21995057  6.71640845  0.27963563 -1.92483764  0.96768557]","[ 0.4612608   1.74506742  0.59553479 -0.5005858   1.46107024  0.45715787
 -0.66797943  1.67149033  0.43007585  0.17082881  1.69842765  0.74999713]",22.57077725199997,35.072676881216466
[0.36968096 0.40419665],0.396,0.5144092219020173,0.7132564841498559,0.9639769452449568,0.5187319884726225,0.6570605187319885,0.9365994236311239,"[-0.70434711 -1.50097109 -0.40401719 -0.78233137  0.53689451  0.68516966
 -1.92205198  1.68714865  1.85676496 -0.33436692 -1.07364278 -0.05936144]","[ 0.45577688  1.7455533   0.58798773 -0.51148725  1.45395308  0.46747024
 -0.67222458  1.67478373  0.43197907  0.14120431  1.646628    0.61843639]","[-1.98539286 -5.89368786 -1.01613337 -2.44005537  2.55180555  2.16001318
 -6.56052558  6.21331385  6.75842073 -2.9178003  -6.90440112 -1.36570501]","[ 0.45882894  1.74491273  0.59140276 -0.51110764  1.45875171  0.4667982
 -0.67106909  1.67386853  0.43242724  0.12237961  1.60978615  0.53605515]",21.22962415300026,34.04816341213882
[0.35336238 0.41345454],0.396,0.5144092219020173,0.7132564841498559,0.9639769452449568,0.5100864553314121,0.6671469740634006,0.9567723342939481,"[-0.70434711 -1.50097109 -0.40401719 -0.78233137  0.53689451  0.68516966
 -1.92205198  1.68714865  1.85676496 -0.33436692 -1.07364278 -0.05936144]","[ 0.45577688  1.7455533   0.58798773 -0.51148725  1.45395308  0.46747024
 -0.67222458  1.67478373  0.43197907  0.14120431  1.646628    0.61843639]","[-3.20988705 -7.10931707 -2.1297305  -2.69277798  1.46336474  2.54188002
 -7.43806315  6.36081354  7.60508885 -5.59239906 -9.78804313 -3.39802308]","[ 0.45240122  1.74031976  0.58338176 -0.51395279  1.45280552  0.47056373
 -0.67617635  1.67485093  0.43590569  0.1092617   1.59580493  0.46402735]",21.469713927000157,35.76784026436508
[0.36139696 0.42019009],0.396,0.5144092219020173,0.7132564841498559,0.9639769452449568,0.4783861671469741,0.654178674351585,0.9394812680115274,"[-0.70434711 -1.50097109 -0.40401719 -0.78233137  0.53689451  0.68516966
 -1.92205198  1.68714865  1.85676496 -0.33436692 -1.07364278 -0.05936144]","[ 0.45577688  1.7455533   0.58798773 -0.51148725  1.45395308  0.46747024
 -0.67222458  1.67478373  0.43197907  0.14120431  1.646628    0.61843639]","[-1.43417463 -5.37710715 -0.39723141 -1.61977687  2.72693807  1.42509355
 -6.70054296  6.24853259  6.92037627 -2.20953998 -5.38333307 -0.94656303]","[ 0.46175927  1.74584116  0.59607186 -0.50323046  1.45780451  0.46007591
 -0.67080282  1.67451223  0.43203961  0.12910591  1.6265877   0.56146633]",20.185372589000053,30.362624490633607
[0.37827171 0.41631051],0.396,0.5144092219020173,0.7132564841498559,0.9639769452449568,0.49711815561959655,0.6729106628242075,0.9351585014409222,"[-0.70434711 -1.50097109 -0.40401719 -0.78233137  0.53689451  0.68516966
 -1.92205198  1.68714865  1.85676496 -0.33436692 -1.07364278 -0.05936144]","[ 0.45577688  1.7455533   0.58798773 -0.51148725  1.45395308  0.46747024
 -0.67222458  1.67478373  0.43197907  0.14120431  1.646628    0.61843639]","[-2.46655276 -5.94466395 -1.50388869 -1.95175618  2.80045665  1.74824396
 -7.7113009   5.88785719  8.04246599 -3.36591702 -7.33753032 -1.68902355]","[ 0.45608106  1.74381235  0.58781371 -0.50679632  1.45870911  0.46326921
 -0.6808384   1.67416329  0.43961351  0.11981407  1.60427262  0.5223141 ]",25.626662717000272,38.788731656968594
[0.36591204 0.40587748],0.396,0.5144092219020173,0.7132564841498559,0.9639769452449568,0.5072046109510087,0.6426512968299711,0.9394812680115274,"[-0.70434711 -1.50097109 -0.40401719 -0.78233137  0.53689451  0.68516966
 -1.92205198  1.68714865  1.85676496 -0.33436692 -1.07364278 -0.05936144]","[ 0.45577688  1.7455533   0.58798773 -0.51148725  1.45395308  0.46747024
 -0.67222458  1.67478373  0.43197907  0.14120431  1.646628    0.61843639]","[-2.37014552 -6.6060334  -1.27804203 -2.18318013  1.96086143  2.04540287
 -7.2374529   5.79599393  7.35195892 -1.48808201 -6.1209869  -0.50213003]","[ 0.45670708  1.74170591  0.58945747 -0.50853809  1.45490952  0.4655478
 -0.67507159  1.67343146  0.4348433   0.13685187  1.60027516  0.59267788]",21.839762764999705,36.574175173416734
[0.36632144 0.38207412],0.373,0.5144092219020173,0.7132564841498559,0.9639769452449568,0.515850144092219,0.6628242074927954,0.9495677233429395,"[-0.70434711 -1.50097109 -0.40401719 -0.78233137  0.53689451  0.68516966
 -1.92205198  1.68714865  1.85676496 -0.33436692 -1.07364278 -0.05936144]","[ 0.45577688  1.7455533   0.58798773 -0.51148725  1.45395308  0.46747024
 -0.67222458  1.67478373  0.43197907  0.14120431  1.646628    0.61843639]","[-1.84234931 -6.77556611 -0.79302558 -1.84098778  2.01195377  1.85355513
 -7.18999046  7.29765572  7.43074898 -5.14819455 -8.56266823 -3.19303185]","[ 0.45917369  1.74058841  0.59280035 -0.50579633  1.45574165  0.4641413
 -0.67785073  1.67776798  0.43771074  0.11194908  1.61302756  0.47095807]",22.10403889500003,34.9398204786703
[0.38598759 0.40783132],0.396,0.5144092219020173,0.7132564841498559,0.9639769452449568,0.4899135446685879,0.6455331412103746,0.9279538904899135,"[-0.70434711 -1.50097109 -0.40401719 -0.78233137  0.53689451  0.68516966
 -1.92205198  1.68714865  1.85676496 -0.33436692 -1.07364278 -0.05936144]","[ 0.45577688  1.7455533   0.58798773 -0.51148725  1.45395308  0.46747024
 -0.67222458  1.67478373  0.43197907  0.14120431  1.646628    0.61843639]","[-2.47558844 -6.33692381 -1.35107152 -2.41360356  2.07010184  2.19566141
 -7.76824482  5.93575008  7.92867562 -0.86883903 -4.67390579 -0.02482014]","[ 0.45617728  1.74221865  0.58908279 -0.51037976  1.455057    0.4667023
 -0.67868554  1.67446235  0.4372082   0.14589677  1.61360605  0.64105322]",28.575798192000093,43.43183456920087
[0.35809409 0.42441165],0.396,0.5144092219020173,0.7132564841498559,0.9639769452449568,0.5057636887608069,0.6657060518731989,0.9438040345821326,"[-0.70434711 -1.50097109 -0.40401719 -0.78233137  0.53689451  0.68516966
 -1.92205198  1.68714865  1.85676496 -0.33436692 -1.07364278 -0.05936144]","[ 0.45577688  1.7455533   0.58798773 -0.51148725  1.45395308  0.46747024
 -0.67222458  1.67478373  0.43197907  0.14120431  1.646628    0.61843639]","[-2.95855491 -7.18847666 -1.90035794 -1.52042196  2.89595361  1.40792116
 -7.31619195  6.11711778  7.57664986 -1.64281418 -6.25165538 -0.54333683]","[ 0.45390869  1.74025859  0.58522584 -0.50283723  1.45987477  0.46014361
 -0.6759101   1.67387482  0.43623974  0.13376191  1.6004086   0.58789102]",21.307052571999975,33.525858813896775
[0.35442718 0.42485473],0.396,0.5144092219020173,0.7132564841498559,0.9639769452449568,0.49135446685878964,0.6585014409221902,0.946685878962536,"[-0.70434711 -1.50097109 -0.40401719 -0.78233137  0.53689451  0.68516966
 -1.92205198  1.68714865  1.85676496 -0.33436692 -1.07364278 -0.05936144]","[ 0.45577688  1.7455533   0.58798773 -0.51148725  1.45395308  0.46747024
 -0.67222458  1.67478373  0.43197907  0.14120431  1.646628    0.61843639]","[-2.74307603 -6.76876899 -1.58665418 -2.15399299  2.55775323  2.0785755
 -7.17014914  5.74773072  7.42840782 -3.40515442 -7.12759891 -1.85225374]","[ 0.45417221  1.74003227  0.58689268 -0.50875706  1.45793591  0.46616514
 -0.67588872  1.67369472  0.43563665  0.12037598  1.61087854  0.51605595]",23.805120506000094,38.753068996593356
[0.41776291 0.31255796],0.347,0.5144092219020173,0.7132564841498559,0.9639769452449568,0.5446685878962536,0.6729106628242075,0.9567723342939481,"[-0.70434711 -1.50097109 -0.40401719 -0.78233137  0.53689451  0.68516966
 -1.92205198  1.68714865  1.85676496 -0.33436692 -1.07364278 -0.05936144]","[ 0.45577688  1.7455533   0.58798773 -0.51148725  1.45395308  0.46747024
 -0.67222458  1.67478373  0.43197907  0.14120431  1.646628    0.61843639]","[-1.63142243 -5.45113524 -0.65581426 -1.92739071  2.33684933  2.00426397
 -6.70363093  5.84515758  6.91374709 -2.48219276 -7.33580271 -1.32326061]","[ 0.4599811   1.74479294  0.59374629 -0.50785316  1.45836797  0.4664354
 -0.67487145  1.67429791  0.43512383  0.1263156   1.58871369  0.53583865]",25.470952521999607,42.515819002874196
[0.3771269  0.41566488],0.396,0.5144092219020173,0.7132564841498559,0.9639769452449568,0.4884726224783862,0.6484149855907781,0.9481268011527377,"[-0.70434711 -1.50097109 -0.40401719 -0.78233137  0.53689451  0.68516966
 -1.92205198  1.68714865  1.85676496 -0.33436692 -1.07364278 -0.05936144]","[ 0.45577688  1.7455533   0.58798773 -0.51148725  1.45395308  0.46747024
 -0.67222458  1.67478373  0.43197907  0.14120431  1.646628    0.61843639]","[-2.7405633  -6.9240181  -1.58494525 -2.06775312  2.5058856   2.00651893
 -7.46088464  6.41884016  7.70338607 -3.20971416 -8.93703741 -1.69845573]","[ 0.45518259  1.7412296   0.58761423 -0.50799216  1.45801228  0.46551115
 -0.67595856  1.6749656   0.43576261  0.12059523  1.56807896  0.51927159]",31.29889748100004,51.53524783812463
[0.35641585 0.41670179],0.396,0.5144092219020173,0.7132564841498559,0.9639769452449568,0.5057636887608069,0.6613832853025937,0.9409221902017291,"[-0.70434711 -1.50097109 -0.40401719 -0.78233137  0.53689451  0.68516966
 -1.92205198  1.68714865  1.85676496 -0.33436692 -1.07364278 -0.05936144]","[ 0.45577688  1.7455533   0.58798773 -0.51148725  1.45395308  0.46747024
 -0.67222458  1.67478373  0.43197907  0.14120431  1.646628    0.61843639]","[ -5.47992215 -10.46295829  -4.04441017  -2.56474414   1.9937502
   2.62179545  -7.1604792    6.43917213   7.41346341  -7.96478246
 -12.40179971  -5.36825703]","[ 0.44262947  1.73047484  0.57162199 -0.51284909  1.45559892  0.4713723
 -0.67438929  1.67487355  0.43501418  0.10261576  1.57290766  0.42573271]",23.344974674999776,39.192111565731466
[0.39947964 0.32185348],0.347,0.5144092219020173,0.7132564841498559,0.9639769452449568,0.5446685878962536,0.6902017291066282,0.9567723342939481,"[-0.70434711 -1.50097109 -0.40401719 -0.78233137  0.53689451  0.68516966
 -1.92205198  1.68714865  1.85676496 -0.33436692 -1.07364278 -0.05936144]","[ 0.45577688  1.7455533   0.58798773 -0.51148725  1.45395308  0.46747024
 -0.67222458  1.67478373  0.43197907  0.14120431  1.646628    0.61843639]","[ -1.86930933  -5.70974897  -0.94216028  -2.76943156   1.65632216
   2.69532429  -6.97376075   5.23829972   7.15929253  -8.45707945
 -10.03549498  -5.59378095]","[ 0.45868709  1.74353571  0.59147798 -0.5157979   1.45379597  0.47342989
 -0.67648613  1.67289648  0.43636004  0.09979486  1.60774577  0.4167995 ]",17.69809915399992,28.727941100485623
[0.37027757 0.40732595],0.396,0.5144092219020173,0.7132564841498559,0.9639769452449568,0.515850144092219,0.6585014409221902,0.9265129682997119,"[-0.70434711 -1.50097109 -0.40401719 -0.78233137  0.53689451  0.68516966
 -1.92205198  1.68714865  1.85676496 -0.33436692 -1.07364278 -0.05936144]","[ 0.45577688  1.7455533   0.58798773 -0.51148725  1.45395308  0.46747024
 -0.67222458  1.67478373  0.43197907  0.14120431  1.646628    0.61843639]","[ -2.08148667  -6.08280037  -1.05396661  -2.73065279   1.81443764
   2.71694835  -6.26006206   5.58198409   6.55903754  -5.3801449
 -10.20993675  -3.30436923]","[ 0.4581623   1.74335166  0.59110249 -0.51539226  1.45492819  0.47320781
 -0.66833691  1.67265938  0.4307097   0.11006977  1.585261    0.46590054]",24.737073214000247,39.747537893243134
[0.35305977 0.42387014],0.396,0.5144092219020173,0.7132564841498559,0.9639769452449568,0.484149855907781,0.6368876080691642,0.9322766570605188,"[-0.70434711 -1.50097109 -0.40401719 -0.78233137  0.53689451  0.68516966
 -1.92205198  1.68714865  1.85676496 -0.33436692 -1.07364278 -0.05936144]","[ 0.45577688  1.7455533   0.58798773 -0.51148725  1.45395308  0.46747024
 -0.67222458  1.67478373  0.43197907  0.14120431  1.646628    0.61843639]","[-1.18818639 -5.34026851 -0.26830384 -2.63713648  2.00238283  2.66639488
 -6.91633307  6.00990539  7.08167454 -4.55869655 -9.45604326 -2.72019965]","[ 0.4629289   1.74605299  0.59699137 -0.51581489  1.45656952  0.47389007
 -0.67324137  1.67372134  0.43378272  0.11261602  1.58750557  0.47926327]",24.53679342999976,39.61910934001207
[0.3655667  0.40851315],0.396,0.5144092219020173,0.7132564841498559,0.9639769452449568,0.49711815561959655,0.638328530259366,0.9322766570605188,"[-0.70434711 -1.50097109 -0.40401719 -0.78233137  0.53689451  0.68516966
 -1.92205198  1.68714865  1.85676496 -0.33436692 -1.07364278 -0.05936144]","[ 0.45577688  1.7455533   0.58798773 -0.51148725  1.45395308  0.46747024
 -0.67222458  1.67478373  0.43197907  0.14120431  1.646628    0.61843639]","[-2.71002688 -7.32123646 -1.59289571 -1.9986517   3.27521081  2.11229927
 -6.45824438  6.86942287  6.74352637 -3.56910437 -8.35627244 -1.89423271]","[ 0.45467035  1.73990578  0.58697541 -0.50610163  1.46136117  0.46494384
 -0.67120268  1.67583662  0.43256485  0.12284934  1.58258184  0.52513537]",25.68253258599998,40.83946767169982
[0.34786972 0.41761766],0.396,0.5144092219020173,0.7132564841498559,0.9639769452449568,0.48559077809798273,0.6570605187319885,0.9452449567723343,"[-0.70434711 -1.50097109 -0.40401719 -0.78233137  0.53689451  0.68516966
 -1.92205198  1.68714865  1.85676496 -0.33436692 -1.07364278 -0.05936144]","[ 0.45577688  1.7455533   0.58798773 -0.51148725  1.45395308  0.46747024
 -0.67222458  1.67478373  0.43197907  0.14120431  1.646628    0.61843639]","[ -2.5191206   -7.37710713  -1.40872106  -1.77622436   3.13871345
   1.63591849  -6.8606645    7.16597302   7.18563092  -7.14431464
 -10.32936651  -4.27666838]","[ 0.45554744  1.73857066  0.58821923 -0.50557021  1.46133518  0.46256457
 -0.67444342  1.67695607  0.43520111  0.10214223  1.59416633  0.44068214]",28.92594781600019,43.36386312916875
[0.37939482 0.32750324],0.347,0.5144092219020173,0.7132564841498559,0.9639769452449568,0.5288184438040345,0.6801152737752162,0.9654178674351584,"[-0.70434711 -1.50097109 -0.40401719 -0.78233137  0.53689451  0.68516966
 -1.92205198  1.68714865  1.85676496 -0.33436692 -1.07364278 -0.05936144]","[ 0.45577688  1.7455533   0.58798773 -0.51148725  1.45395308  0.46747024
 -0.67222458  1.67478373  0.43197907  0.14120431  1.646628    0.61843639]","[-1.95282733 -6.34486523 -0.98055306 -1.63985059  2.81785803  1.61976936
 -6.56905605  6.04489126  6.86017243 -2.98305131 -7.23900516 -1.57702347]","[ 0.45822063  1.74139752  0.59112723 -0.50408116  1.45994704  0.46223989
 -0.67354624  1.6749193   0.43482089  0.12204218  1.59714252  0.5236408 ]",24.858640828999796,40.21696776058525
[0.36442781 0.41821993],0.396,0.5144092219020173,0.7132564841498559,0.9639769452449568,0.484149855907781,0.622478386167147,0.9423631123919308,"[-0.70434711 -1.50097109 -0.40401719 -0.78233137  0.53689451  0.68516966
 -1.92205198  1.68714865  1.85676496 -0.33436692 -1.07364278 -0.05936144]","[ 0.45577688  1.7455533   0.58798773 -0.51148725  1.45395308  0.46747024
 -0.67222458  1.67478373  0.43197907  0.14120431  1.646628    0.61843639]","[-0.8211194  -4.34386342  0.03014871 -2.52460456  2.05953589  2.32434237
 -6.18376555  4.95370373  6.58507235 -4.45111772 -7.99900976 -2.41554074]","[ 0.46489269  1.7488523   0.59937957 -0.51365293  1.45596844  0.46987067
 -0.66965509  1.67155818  0.43206764  0.11262444  1.60781954  0.49095713]",16.102926200000184,27.12887282948941
[0.36868624 0.40849556],0.396,0.5144092219020173,0.7132564841498559,0.9639769452449568,0.5043227665706052,0.6628242074927954,0.9510086455331412,"[-0.70434711 -1.50097109 -0.40401719 -0.78233137  0.53689451  0.68516966
 -1.92205198  1.68714865  1.85676496 -0.33436692 -1.07364278 -0.05936144]","[ 0.45577688  1.7455533   0.58798773 -0.51148725  1.45395308  0.46747024
 -0.67222458  1.67478373  0.43197907  0.14120431  1.646628    0.61843639]","[ -3.25911235  -8.96966693  -0.75924246  -2.71727824   5.00609735
   2.45920351 -10.48281406   7.11099089  10.83253835  -0.53436867
  -4.79975264   0.76887504]","[ 0.46277569  1.74542159  0.59685513 -0.49987331  1.46146745  0.45745209
 -0.66773091  1.6738833   0.42950493  0.16017626  1.59604064  0.7094168 ]",25.192219647,38.421955820173025
[0.36304513 0.42246707],0.396,0.5144092219020173,0.7132564841498559,0.9639769452449568,0.4899135446685879,0.6642651296829971,0.9438040345821326,"[-0.70434711 -1.50097109 -0.40401719 -0.78233137  0.53689451  0.68516966
 -1.92205198  1.68714865  1.85676496 -0.33436692 -1.07364278 -0.05936144]","[ 0.45577688  1.7455533   0.58798773 -0.51148725  1.45395308  0.46747024
 -0.67222458  1.67478373  0.43197907  0.14120431  1.646628    0.61843639]","[ -3.32352009  -7.93779208  -2.14477888  -2.28200689   2.44716568
   2.13677163  -6.7133339    5.8496293    7.04624931  -6.61059463
 -10.24373393  -4.00182786]","[ 0.45171941  1.73770478  0.58319098 -0.51011671  1.45795627  0.46673948
 -0.67203185  1.67306513  0.43353961  0.10445863  1.59303517  0.44868021]",24.423616590000165,38.9841019269079
[0.33738852 0.19384269],0.09500000000000003,0.5144092219020173,0.7132564841498559,0.9639769452449568,0.569164265129683,0.7536023054755043,0.968299711815562,"[-0.70434711 -1.50097109 -0.40401719 -0.78233137  0.53689451  0.68516966
 -1.92205198  1.68714865  1.85676496 -0.33436692 -1.07364278 -0.05936144]","[ 0.45577688  1.7455533   0.58798773 -0.51148725  1.45395308  0.46747024
 -0.67222458  1.67478373  0.43197907  0.14120431  1.646628    0.61843639]","[-1.43095418 -4.55445156 -0.70886186 -1.82378211  1.75291265  1.7252113
 -4.55642327  4.86813016  4.77187544 -5.21647378 -6.38251921 -3.19755159]","[ 0.45932064  1.74376717  0.59202126 -0.51044639  1.45637966  0.46762796
 -0.66718135  1.67520008  0.4297112   0.10417345  1.6218413   0.44520749]",20.73674161000008,32.47370114084333
[0.37281622 0.40061057],0.396,0.5144092219020173,0.7132564841498559,0.9639769452449568,0.4899135446685879,0.6368876080691642,0.9394812680115274,"[-0.70434711 -1.50097109 -0.40401719 -0.78233137  0.53689451  0.68516966
 -1.92205198  1.68714865  1.85676496 -0.33436692 -1.07364278 -0.05936144]","[ 0.45577688  1.7455533   0.58798773 -0.51148725  1.45395308  0.46747024
 -0.67222458  1.67478373  0.43197907  0.14120431  1.646628    0.61843639]","[-1.63913971 -6.48820469 -0.56688659 -0.06389768  5.62369982 -0.08302396
 -6.29807106  6.03530401  6.51223216 -1.69538653 -3.03170034  0.7643855 ]","[ 0.46052832  1.7419344   0.59472605 -0.49034681  1.46679988  0.44797189
 -0.6678027   1.67378415  0.42962835  0.15307636  1.64148483  0.67786518]",21.15531853399989,33.022728230804205
[0.39028558 0.41857565],0.396,0.5144092219020173,0.7132564841498559,0.9639769452449568,0.5,0.6628242074927954,0.9452449567723343,"[-0.70434711 -1.50097109 -0.40401719 -0.78233137  0.53689451  0.68516966
 -1.92205198  1.68714865  1.85676496 -0.33436692 -1.07364278 -0.05936144]","[ 0.45577688  1.7455533   0.58798773 -0.51148725  1.45395308  0.46747024
 -0.67222458  1.67478373  0.43197907  0.14120431  1.646628    0.61843639]","[-3.19686046 -7.08023714 -2.09210564 -2.27524676  2.81032236  1.92254902
 -6.4982356   5.05794058  6.88845555 -2.68423493 -7.21559426 -1.21001146]","[ 0.45314647  1.74075616  0.5843212  -0.50797798  1.45825131  0.46356257
 -0.6675739   1.67077248  0.43063032  0.12532195  1.59925944  0.54742522]",15.878279460000158,28.87405150104314
[0.37229847 0.41477677],0.396,0.5144092219020173,0.7132564841498559,0.9639769452449568,0.4956772334293948,0.6296829971181557,0.9351585014409222,"[-0.70434711 -1.50097109 -0.40401719 -0.78233137  0.53689451  0.68516966
 -1.92205198  1.68714865  1.85676496 -0.33436692 -1.07364278 -0.05936144]","[ 0.45577688  1.7455533   0.58798773 -0.51148725  1.45395308  0.46747024
 -0.67222458  1.67478373  0.43197907  0.14120431  1.646628    0.61843639]","[ -2.87131033  -8.0304032   -1.64912888  -3.86170655   1.11013256
   3.80352544  -7.26701538   6.47449826   7.41509768 -13.30374106
 -14.20067722  -9.04714112]","[ 0.45452923  1.73702867  0.58710652 -0.52509558  1.45061552  0.48248151
 -0.67373178  1.67497712  0.43393574  0.09103023  1.59041879  0.37766278]",20.681252765999943,36.35228307824582
[0.33651237 0.39679019],0.373,0.5144092219020173,0.7132564841498559,0.9639769452449568,0.5244956772334294,0.6772334293948127,0.962536023054755,"[-0.70434711 -1.50097109 -0.40401719 -0.78233137  0.53689451  0.68516966
 -1.92205198  1.68714865  1.85676496 -0.33436692 -1.07364278 -0.05936144]","[ 0.45577688  1.7455533   0.58798773 -0.51148725  1.45395308  0.46747024
 -0.67222458  1.67478373  0.43197907  0.14120431  1.646628    0.61843639]","[-2.43608144 -6.02528751 -1.46692478 -1.59749843  3.21743893  1.50982135
 -6.90814032  5.8473949   6.99853801 -2.38335874 -7.73580304 -1.10361412]","[ 0.45559832  1.742375    0.58747705 -0.5039871   1.46140429  0.46166593
 -0.67518332  1.6743797   0.43480536  0.12672241  1.56992899  0.54921547]",21.40289572499978,34.99597024638206
[0.3593257  0.41350439],0.396,0.5144092219020173,0.7132564841498559,0.9639769452449568,0.5187319884726225,0.6902017291066282,0.946685878962536,"[-0.70434711 -1.50097109 -0.40401719 -0.78233137  0.53689451  0.68516966
 -1.92205198  1.68714865  1.85676496 -0.33436692 -1.07364278 -0.05936144]","[ 0.45577688  1.7455533   0.58798773 -0.51148725  1.45395308  0.46747024
 -0.67222458  1.67478373  0.43197907  0.14120431  1.646628    0.61843639]","[ -3.84722192  -8.16094849  -2.57725446  -2.83090812   1.94287026
   2.68205132  -6.57797293   5.68831779   6.83941852  -7.38617706
 -11.53023734  -4.64652251]","[ 0.45001328  1.73747136  0.58100703 -0.51340134  1.45430035  0.47053701
 -0.66938759  1.67279093  0.43122883  0.10496692  1.58242842  0.4424101 ]",21.38147797700003,34.658263395540416
[0.39068404 0.39542744],0.396,0.5144092219020173,0.7132564841498559,0.9639769452449568,0.5187319884726225,0.6628242074927954,0.9365994236311239,"[-0.70434711 -1.50097109 -0.40401719 -0.78233137  0.53689451  0.68516966
 -1.92205198  1.68714865  1.85676496 -0.33436692 -1.07364278 -0.05936144]","[ 0.45577688  1.7455533   0.58798773 -0.51148725  1.45395308  0.46747024
 -0.67222458  1.67478373  0.43197907  0.14120431  1.646628    0.61843639]","[ -2.50992354  -6.95654097  -1.37796173  -2.32270192   3.10584177
   2.25397954  -6.97915752   6.03986213   7.26146688  -5.77971847
 -10.57505322  -3.45355804]","[ 0.45650808  1.74147539  0.58911483 -0.50890747  1.46015867  0.46657324
 -0.67216622  1.67375548  0.43335082  0.10894885  1.57593719  0.46571382]",26.902088565999748,42.92831839714199
[0.39403362 0.41754589],0.396,0.5144092219020173,0.7132564841498559,0.9639769452449568,0.5115273775216138,0.659942363112392,0.930835734870317,"[-0.70434711 -1.50097109 -0.40401719 -0.78233137  0.53689451  0.68516966
 -1.92205198  1.68714865  1.85676496 -0.33436692 -1.07364278 -0.05936144]","[ 0.45577688  1.7455533   0.58798773 -0.51148725  1.45395308  0.46747024
 -0.67222458  1.67478373  0.43197907  0.14120431  1.646628    0.61843639]","[ -2.87374993  -6.7966318   -1.73029249  -2.85006285   1.55067352
   2.82882603  -6.59850837   4.88968546   7.0197033   -6.83940255
 -11.62818862  -4.41114943]","[ 0.45417296  1.74096117  0.5863593  -0.51746467  1.45295306  0.47539221
 -0.67139851  1.67130586  0.43331219  0.10523863  1.58083918  0.44172636]",21.659572606999973,37.57675832696259
[0.39041174 0.41643911],0.396,0.5144092219020173,0.7132564841498559,0.9639769452449568,0.4654178674351585,0.6239193083573487,0.9293948126801153,"[-0.70434711 -1.50097109 -0.40401719 -0.78233137  0.53689451  0.68516966
 -1.92205198  1.68714865  1.85676496 -0.33436692 -1.07364278 -0.05936144]","[ 0.45577688  1.7455533   0.58798773 -0.51148725  1.45395308  0.46747024
 -0.67222458  1.67478373  0.43197907  0.14120431  1.646628    0.61843639]","[-2.95375412 -7.50240202 -1.79330281 -1.68465708  2.99666896  1.38026317
 -7.57384718  6.0995097   7.91936227 -3.24719164 -5.26451847 -1.5767323 ]","[ 0.45420182  1.74010619  0.58618683 -0.50314539  1.45913102  0.45900676
 -0.67604818  1.67354925  0.43654459  0.12048196  1.6394989   0.52847268]",17.530353516000105,29.53164951596409
[0.40314699 0.4121483 ],0.396,0.5144092219020173,0.7132564841498559,0.9639769452449568,0.5244956772334294,0.659942363112392,0.9337175792507204,"[-0.70434711 -1.50097109 -0.40401719 -0.78233137  0.53689451  0.68516966
 -1.92205198  1.68714865  1.85676496 -0.33436692 -1.07364278 -0.05936144]","[ 0.45577688  1.7455533   0.58798773 -0.51148725  1.45395308  0.46747024
 -0.67222458  1.67478373  0.43197907  0.14120431  1.646628    0.61843639]","[-3.67018793 -8.12823999 -2.46420955 -2.2229249   2.30288698  2.23437798
 -6.86767092  6.38248418  6.97421256 -3.07753456 -8.5940106  -1.65789434]","[ 0.45059779  1.73825032  0.58155184 -0.50963473  1.45755883  0.46738854
 -0.67067485  1.67344948  0.43159054  0.12221055  1.57970352  0.52284081]",22.599168288999863,36.049247928895056
[0.38742416 0.41479597],0.396,0.5144092219020173,0.7132564841498559,0.9639769452449568,0.49855907780979825,0.6484149855907781,0.9279538904899135,"[-0.70434711 -1.50097109 -0.40401719 -0.78233137  0.53689451  0.68516966
 -1.92205198  1.68714865  1.85676496 -0.33436692 -1.07364278 -0.05936144]","[ 0.45577688  1.7455533   0.58798773 -0.51148725  1.45395308  0.46747024
 -0.67222458  1.67478373  0.43197907  0.14120431  1.646628    0.61843639]","[-1.18873379 -5.17254787 -0.30018452 -2.16273675  2.41550916  2.00673512
 -7.7693029   6.40501032  7.95949062 -2.67315173 -6.99821958 -1.30122959]","[ 0.46300551  1.74638852  0.59678352 -0.5086658   1.4570594   0.46549559
 -0.67943211  1.67544094  0.43803498  0.12514971  1.60645526  0.54073907]",24.16184102299985,38.20335353258997
[0.41467246 0.31241859],0.347,0.5144092219020173,0.7132564841498559,0.9639769452449568,0.5072046109510087,0.659942363112392,0.9654178674351584,"[-0.70434711 -1.50097109 -0.40401719 -0.78233137  0.53689451  0.68516966
 -1.92205198  1.68714865  1.85676496 -0.33436692 -1.07364278 -0.05936144]","[ 0.45577688  1.7455533   0.58798773 -0.51148725  1.45395308  0.46747024
 -0.67222458  1.67478373  0.43197907  0.14120431  1.646628    0.61843639]","[-1.51050996 -5.64091171 -0.5494487  -1.71089702  3.18893304  1.68046468
 -7.34370041  6.45975398  7.59857954 -3.09713066 -8.22443474 -1.66260749]","[ 0.46078781  1.74308101  0.59466714 -0.50586091  1.46162704  0.46377162
 -0.68215681  1.6779171   0.43983331  0.11974818  1.56545114  0.51614572]",20.680897686000208,32.16080704052001
[0.36320769 0.42018367],0.396,0.5144092219020173,0.7132564841498559,0.9639769452449568,0.5273775216138329,0.6887608069164265,0.9452449567723343,"[-0.70434711 -1.50097109 -0.40401719 -0.78233137  0.53689451  0.68516966
 -1.92205198  1.68714865  1.85676496 -0.33436692 -1.07364278 -0.05936144]","[ 0.45577688  1.7455533   0.58798773 -0.51148725  1.45395308  0.46747024
 -0.67222458  1.67478373  0.43197907  0.14120431  1.646628    0.61843639]","[-1.87357877 -5.92328727 -0.91099862 -1.75925211  3.49145909  1.80196991
 -5.52675197  5.72729591  5.72127053 -1.06411247 -5.95352397 -0.13479554]","[ 0.45922483  1.74394428  0.59213768 -0.5042617   1.46202467  0.46276196
 -0.66251726  1.67251195  0.42593662  0.14527454  1.58333559  0.63000682]",20.989996681999855,33.813531815074384
[0.36897724 0.41811348],0.396,0.5144092219020173,0.7132564841498559,0.9639769452449568,0.515850144092219,0.6729106628242075,0.9394812680115274,"[-0.70434711 -1.50097109 -0.40401719 -0.78233137  0.53689451  0.68516966
 -1.92205198  1.68714865  1.85676496 -0.33436692 -1.07364278 -0.05936144]","[ 0.45577688  1.7455533   0.58798773 -0.51148725  1.45395308  0.46747024
 -0.67222458  1.67478373  0.43197907  0.14120431  1.646628    0.61843639]","[-1.5587853  -5.62725382 -0.44859839 -2.49964695  2.49752502  2.4062942
 -6.06282761  5.75472178  6.30770389 -3.60588947 -7.93707999 -1.96212824]","[ 0.46114497  1.74513765  0.59571071 -0.51116324  1.45716906  0.4685662
 -0.66609598  1.67286504  0.42868292  0.11908709  1.60085058  0.51170974]",17.449756523999895,28.632425568066537
[0.49850227 0.15080833],0.10699999999999998,0.5144092219020173,0.7132564841498559,0.9639769452449568,0.6167146974063401,0.7680115273775217,0.9726224783861671,"[-0.70434711 -1.50097109 -0.40401719 -0.78233137  0.53689451  0.68516966
 -1.92205198  1.68714865  1.85676496 -0.33436692 -1.07364278 -0.05936144]","[ 0.45577688  1.7455533   0.58798773 -0.51148725  1.45395308  0.46747024
 -0.67222458  1.67478373  0.43197907  0.14120431  1.646628    0.61843639]","[-0.62657921 -4.04784417  0.12257302 -1.83057375  1.82602493  1.9057357
 -5.07134624  4.3689687   5.30500988 -4.09126114 -7.59689824 -2.5882619 ]","[ 0.46496006  1.74509957  0.60045117 -0.51035444  1.45708672  0.46937607
 -0.67399906  1.67388194  0.43471337  0.11158037  1.58590637  0.46815727]",19.498300944999755,29.312256675213575
[0.37437466 0.41207421],0.396,0.5144092219020173,0.7132564841498559,0.9639769452449568,0.5014409221902018,0.6628242074927954,0.9452449567723343,"[-0.70434711 -1.50097109 -0.40401719 -0.78233137  0.53689451  0.68516966
 -1.92205198  1.68714865  1.85676496 -0.33436692 -1.07364278 -0.05936144]","[ 0.45577688  1.7455533   0.58798773 -0.51148725  1.45395308  0.46747024
 -0.67222458  1.67478373  0.43197907  0.14120431  1.646628    0.61843639]","[-2.83139428 -6.31333208 -1.89053078 -2.39245907  2.13983921  2.20733519
 -7.18834209  6.00518449  7.57445363 -2.91173925 -6.86172781 -1.43307846]","[ 0.45443012  1.74313304  0.58526018 -0.51109766  1.45605296  0.46737769
 -0.67522096  1.67402985  0.43579829  0.12296631  1.61054221  0.53348366]",20.355930153999907,31.610451051034033
[0.36640432 0.42115302],0.396,0.5144092219020173,0.7132564841498559,0.9639769452449568,0.5086455331412104,0.6527377521613833,0.952449567723343,"[-0.70434711 -1.50097109 -0.40401719 -0.78233137  0.53689451  0.68516966
 -1.92205198  1.68714865  1.85676496 -0.33436692 -1.07364278 -0.05936144]","[ 0.45577688  1.7455533   0.58798773 -0.51148725  1.45395308  0.46747024
 -0.67222458  1.67478373  0.43197907  0.14120431  1.646628    0.61843639]","[-2.92985948 -6.83436533 -1.88082478 -1.73971658  2.75451491  1.57477908
 -7.43840017  6.539794    7.61854771 -2.53193472 -6.54622977 -1.21070499]","[ 0.45388553  1.74095575  0.58527415 -0.50469407  1.45867273  0.46158107
 -0.67739986  1.67540794  0.43671459  0.12682947  1.6137509   0.54664921]",24.701662461000524,40.71201578900218
