hyperparameter,loss_score,0.67std_percent_known,1std_percent_known,1.96std_percent_known,0.67std_percent_fit_rand,1std_percent_fit_rand,1.96std_percent_fit_rand,coeff_known_pull,coeff_known,coeff_GP_pull_rand,coeff_GP_rand,runtime_seconds
[0.22997533 0.63983027],21.224472955248785,0.5192307692307693,0.7115384615384616,0.9807692307692307,0.5,0.6730769230769231,0.9615384615384616,"[-2.81876302 -0.907005    1.94923147 -0.51419444 -0.03267295 -0.21199844
  1.02916617 -0.70171904  0.37905191 -0.48634673  0.03117662  0.14685154]","[-0.18756852  1.40000009  0.44636732 -0.08490314  1.4         0.25000087
  0.81057487  1.52361446  0.69510565 -0.36800821  1.57041158  0.47579334]","[-1.60959467 -0.74096801  0.29529473 -0.23047069 -0.03187394  0.59103724
  0.91599945  1.10735633  0.37194947  0.60703486  1.04901966 -1.03351348]","[-0.16036666  1.40000043  0.36096886 -0.08543792  1.40000021  0.35708941
  0.79346704  1.70532511  0.69202318 -0.28279691  1.63879867  0.36724517]",20.846760034561157
[0.60773895 0.31175063],19.27859829946459,0.48,0.6,0.96,0.3,0.42,0.7,"[-1.07948049  0.09308927  0.15446941 -0.94186819 -0.39312046 -0.80131673
  1.53266707  0.22906112 -1.44970594  0.31019153  0.91460247  0.82088829]","[ 0.42715248  1.75527375  0.51861478  0.11854953  1.47252939  0.40753436
 -0.18830248  1.8         0.46602613  0.51590075  1.71244915  0.43986596]","[-1.70096413  0.74951781 -0.47237218 -3.98848713 -0.33886705 -4.62296395
 -0.34458736  0.06655744  0.13756721 -0.50827244  0.43366094  0.40811914]","[ 0.406241    1.77780669  0.48394875  0.08197343  1.53253908  0.27199695
 -0.28000292  1.8         0.74991084  0.44338408  1.67375422  0.37202283]",16.99244976043701
[1.21959672 0.16247247],15.62592246511565,0.4339622641509434,0.7169811320754716,0.9811320754716981,0.3018867924528302,0.5283018867924528,0.8679245283018868,"[ 0.23891476 -0.04919128  0.28391523 -0.10536191 -0.07023264  0.08273018
 -0.59588558 -0.47411623 -0.0840936  -1.21870446 -0.23034425  0.02520025]","[-0.5405982   1.56230855  0.60410974 -0.14399272  1.4000001   0.43313834
  0.25328953  1.40000001  0.59495431  0.61701607  1.73503317  0.27400554]","[-0.14472672 -0.0153455   0.67877602  1.08718742  0.59484332 -0.50137822
 -1.4886731  -0.38631237 -2.19559014  1.22325402  1.85125942  2.11359642]","[-0.56294326  1.56296962  0.65284228 -0.1144749   1.45401861  0.25587611
  0.21939418  1.40793018  0.3743726   0.71678518  1.79607828  0.33472802]",29.552339792251587
[0.24037821 0.35466338],23.91483392398806,0.4423076923076923,0.6730769230769231,0.9230769230769231,0.4807692307692308,0.5769230769230769,0.9807692307692307,"[ 1.11285101  0.60113023  0.6224194   0.02183994 -0.36658522 -0.05330468
 -0.16781889  0.89309291  0.29408582 -0.47892691 -0.02681289 -1.07873216]","[ 0.45363966  1.75855965  0.52654036  0.29283255  1.43267282  0.70105005
 -0.04479718  1.79982128  0.5685549   0.36059442  1.4         0.43039618]","[ 1.32429641  0.2185133   1.08478483 -0.60411258  0.76481104  0.07326907
  0.4548417   1.26120056  0.73055443 -1.02321301  0.46878677 -1.16328357]","[ 0.53503845  1.799627    0.60733518  0.25975208  1.79997075  0.74894081
 -0.00841379  1.78734709  0.66739003  0.30330225  1.44763774  0.40974375]",21.111406564712524
[1.86870204 0.15604254],17.741708557617457,0.47058823529411764,0.6078431372549019,0.9411764705882353,0.5098039215686274,0.6470588235294118,0.9607843137254902,"[ 5.53747385  0.23825663  0.68564099  0.81714201  1.18437299 -1.41396687
 -0.72866704  0.43781302  0.4066443  -0.07764173  1.06330955 -0.23869195]","[ 0.18341495  1.62886675  0.74999987 -0.13900964  1.69811771  0.39519707
 -0.44256226  1.5065169   0.39728847 -0.31167049  1.61622061  0.39814312]","[ 5.3420408  -0.43310705  0.67566958  1.04859239  1.45188898 -1.38930482
 -2.76157154 -1.10753759  2.03656512 -0.74554957  0.85271483  0.75706285]","[ 0.19062463  1.52451238  0.74999995 -0.1221138   1.74421921  0.38321552
 -0.62044383  1.40000002  0.55209861 -0.47352857  1.79999921  0.68594877]",20.64340043067932
[0.1518216  0.82697674],11.078306015423607,0.5102040816326531,0.7551020408163265,0.9591836734693877,0.6530612244897959,0.7959183673469388,0.9795918367346939,"[ 1.44030664 -0.30342442 -0.57558436  0.58596163 -0.73922995  0.55271251
  0.91565418 -1.46822072  0.10876679  0.05610587  0.04258478  0.06039531]","[-0.25831597  1.49761946  0.45615722 -0.54984791  1.58255888  0.2895908
  0.84920258  1.6146635   0.74999925  0.66224567  1.76913985  0.74997984]","[ 0.60432897 -0.37682035 -0.21317809 -0.06096642 -0.44205788  0.23898634
  0.08123412 -0.33701957  0.07290647 -0.77631849  0.11639964 -0.31136676]","[-0.27568536  1.48892516  0.47439505 -0.56513461  1.58227315  0.28784571
  0.82416612  1.70970956  0.74994934  0.51345612  1.79999997  0.60212967]",16.72125506401062
[0.45923398 0.41849314],14.661015343056288,0.47058823529411764,0.6862745098039216,0.9803921568627451,0.3333333333333333,0.5294117647058824,0.8627450980392157,"[-1.30910069 -0.8540584   0.40192914  0.0195849   0.37542694 -1.14979141
  1.05001709 -1.27069266 -4.94389381 -0.09518421  0.46087623 -0.36052674]","[-0.22829887  1.40006803  0.73387476 -0.39276847  1.61212026  0.48408186
 -0.13359262  1.4         0.31923052 -0.25280301  1.50999005  0.42229496]","[-7.97523078 -1.64344672  0.56195831 -0.16329039  0.79149423 -0.9029734
  0.64999058 -0.75860491 -3.20318713 -0.20688297  0.54478973 -0.30335057]","[-0.22427605  1.49848777  0.74999983 -0.41404579  1.66622245  0.50535354
 -0.14378902  1.4         0.37456106 -0.26114617  1.50672129  0.44048004]",16.90267014503479
[0.08931275 0.58373491],18.742787679194056,0.4339622641509434,0.6037735849056604,0.8867924528301887,0.6415094339622641,0.7169811320754716,0.9056603773584906,"[ 3.60190582 -0.730514   -2.14000439 -1.16049975  0.13176702 -0.56456628
 -0.90198406  0.31957148 -0.18156915 -4.48734207 -0.55639334 -2.40570193]","[-0.34655731  1.70691661  0.51890503  0.31039531  1.77669251  0.4321842
  0.50059317  1.70248685  0.57114647  0.38547782  1.58641602  0.39082587]","[ 0.89099756 -0.61060634 -0.47208304 -1.96231207  0.82182817 -1.38236889
  0.03012706  0.30625063  0.22935901 -9.42368869 -0.12559731 -6.00327164]","[-0.38879116  1.67180944  0.55929394  0.25494586  1.8         0.34287141
  0.72064753  1.77098358  0.74999926  0.24707174  1.60829348  0.25      ]",21.208966493606567
[0.86206075 0.19870603],15.470178196021045,0.4897959183673469,0.673469387755102,0.9591836734693877,0.42857142857142855,0.7142857142857143,0.9183673469387755,"[-0.30809613 -0.06347229  0.18772533  2.14960655 -1.92382108 -1.65596455
 -1.14773147  1.62580053 -0.71178306 -0.44291381 -0.66301432  0.49373287]","[ 0.37353471  1.46565508  0.5572257  -0.1341104   1.47849746  0.3728324
  0.14098702  1.79999983  0.48689375  0.57256444  1.40000001  0.34713718]","[-0.98709832  0.59906572 -0.30467528  2.76934885 -2.35253544 -3.09670867
 -1.72277318  1.55283007 -0.91293728  0.37939617 -0.2670305   1.53690954]","[ 0.33716475  1.50654009  0.51324629 -0.112245    1.46432904  0.28746717
  0.11614658  1.79999997  0.39613095  0.62606344  1.4         0.41292875]",24.457379579544067
[0.0604988  0.65038036],23.313447115849158,0.4117647058823529,0.5882352941176471,0.9215686274509803,0.9411764705882353,0.9411764705882353,0.9607843137254902,"[  7.50606937  -1.80100243   1.526014   137.27576088   5.92466162
 -30.2900545    2.47076666  -7.75239781  -2.45574259   5.01273285
   0.25672293   1.41404621]","[ 0.37368634  1.6043755   0.75       -1.          1.53844539  0.46325973
  0.02241823  1.4         0.25        0.84439234  1.8         0.74999999]","[-0.19711453 -0.03396802 -0.35079467  0.2987594   2.02889097 -3.97637309
  0.0746172  -0.90676071 -0.29000197 -0.09650941 -1.01868731 -0.46110891]","[ 0.27242202  1.72385821  0.57254192 -0.99845262  1.62936608  0.46809982
 -0.00883926  1.47001464  0.272555    0.61594092  1.40000081  0.51270546]",21.481919288635254
[0.06769977 0.68750545],20.270748146779006,0.38,0.6,0.94,0.96,0.96,0.98,"[ 5.81733034e-01 -3.90172565e-01 -1.06965119e+00  8.64908427e-03
  2.92233731e-01 -6.18793898e-01 -3.34936529e-01  5.76905920e-01
  2.56128885e-01 -2.28544535e+00 -2.26528405e+00 -1.12731237e+01]","[-0.26396652  1.67679948  0.49543514  0.24899919  1.51120226  0.48378018
 -0.38153751  1.79999988  0.57303336  0.08838077  1.60030572  0.25      ]","[ 0.03430524 -0.08092975 -0.24509534  0.02116599 -0.03153572 -0.24318018
  0.50522339  0.14239723 -0.59409711 -0.49427577 -0.53868444 -0.88448684]","[-0.27779919  1.66736621  0.53737993  0.26029498  1.47481938  0.49581794
 -0.23761955  1.68355447  0.3499617   0.08694343  1.61175485  0.25000002]",16.774314165115356
[1.52189061 0.16846083],27.888328223501237,0.4375,0.6666666666666666,0.9166666666666666,0.4375,0.6041666666666666,0.8125,"[-6.07957432 -0.22798143  0.30034679 -0.05395085  0.89256597 -0.80559106
  0.32664449 -0.7014068  -1.32612358  0.61136577  0.81619457 -0.23988425]","[-0.2651264   1.4         0.74996306  0.60194942  1.56867692  0.59759967
 -0.45545183  1.63289102  0.5206215   0.02004163  1.8         0.2500051 ]","[-1.85847343 -0.24417381  0.29662768  0.57047822 -0.19667124  0.04101569
  3.72022604 -3.7840998  -6.16019323  1.09818879  0.83466027 -0.31651238]","[-0.25048945  1.40000014  0.73484262  0.75426865  1.49513003  0.74405422
 -0.33142669  1.54445677  0.37918078  0.02916048  1.79999999  0.25001213]",13.245310306549072
[4.70936889 0.05917173],39.01329529768382,0.32075471698113206,0.5094339622641509,0.9245283018867925,0.32075471698113206,0.49056603773584906,0.6981132075471698,"[ 2.4912881  -0.46258494 -2.56370959 -1.51461447  0.76155081 -0.28813899
  1.83489415 -0.00605101  1.13470721  0.57070334  4.29167051 -0.28911525]","[-0.22103139  1.57180537  0.40706307  0.3973625   1.51171951  0.25205989
  0.38483297  1.40000111  0.51137611  0.17092495  1.79999982  0.4392878 ]","[-5.75676814e-01 -7.10355213e+00  4.08428682e-01  7.82806234e-01
 -2.40821097e+00  1.66695838e+00  3.74297259e+00 -5.66705372e-03
  7.43469098e-01 -1.30264748e+00  1.72102051e+00 -4.66097888e+00]","[-0.29724188  1.40000001  0.5584586   0.46721468  1.40923996  0.32793202
  0.47849216  1.40000003  0.74992491  0.09314355  1.71493094  0.25000012]",20.46875834465027
[0.73600058 0.2180848 ],31.76900387896908,0.49056603773584906,0.6415094339622641,1.0,0.1509433962264151,0.18867924528301888,0.33962264150943394,"[-19.33416391  -1.50334471  -0.1812957   -2.14556283   0.49777564
  -1.23468711   0.58410635  -0.10426827   0.35592263  -2.39684586
   1.57297439  -1.54216547]","[ 0.29514173  1.7392154   0.2500021   0.04534681  1.79999984  0.27754158
 -0.5633364   1.56737697  0.48443264  0.26208486  1.59719987  0.44195016]","[-11.72067449  -1.64441641   0.13387789  -1.49683292   0.45864322
  -1.19380339   2.21731373   1.45583434  -0.68209562  -3.72293059
   1.35474494  -2.43741958]","[ 0.30534442  1.73696086  0.26556692  0.04697808  1.79999758  0.36189686
 -0.46806638  1.62183827  0.40027186  0.23067643  1.57367688  0.40004175]",16.981014490127563
[0.73243342 0.16578569],29.925275943571698,0.41509433962264153,0.7169811320754716,0.9245283018867925,0.5283018867924528,0.7735849056603774,0.9811320754716981,"[ 1.44066297 -1.16435861 -1.1760122  -0.36877798 -1.02328131  0.58477601
 -1.27992106 -0.27400616 -0.81061797  0.22397197 -1.67484218  0.11161113]","[-0.16099932  1.72061844  0.32158484 -0.31956443  1.40058642  0.70399739
  0.31665879  1.6055414   0.26253683 -0.41874123  1.46906976  0.31471863]","[ 1.16704831 -1.71097822 -0.73001178  0.6476066  -1.33283343 -0.16629397
 -0.04393796 -0.32301685  0.32273694  2.0509411   0.32379712 -0.16891523]","[-0.15405961  1.67320327  0.32322444 -0.17109567  1.47573324  0.37399377
  0.34628468  1.59887952  0.30150471 -0.33759902  1.53436581  0.25274896]",20.98613166809082
[1.87057937 0.14237952],14.645635557017457,0.52,0.78,1.0,0.56,0.66,0.9,"[ 0.84750133  1.21500618 -0.59836597 -2.31401027 -2.39199903 -4.89177849
 -0.86378548 -0.32158449 -0.11248558 -0.69947289  1.36386528 -3.44580937]","[ 0.1261038   1.72624761  0.40818404  0.12271248  1.62065719  0.27893635
 -0.21046706  1.70940157  0.299179    0.37068014  1.46256187  0.27064519]","[ 1.08078312  0.58287739  0.44138994 -2.15111355 -1.96124161 -3.66588307
 -1.61132309  1.99994715  1.12996853 -0.06189768 -0.8722494  -1.19965706]","[ 0.16954311  1.79999999  0.62840205  0.10454737  1.57095352  0.28109825
 -0.29034308  1.8         0.43053919  0.39539393  1.4         0.32162406]",21.718334674835205
[7.14735985 0.10220197],13.1961795878274,0.5490196078431373,0.7058823529411765,0.9215686274509803,0.3333333333333333,0.4117647058823529,0.6078431372549019,"[-8.79746424e+00  1.98690230e-01  2.44634299e-02 -2.50305727e+00
  4.49185544e-01 -5.70203458e-01 -5.63054693e+00  1.03005113e+00
 -5.80971876e+00  2.98841715e+00 -7.34221296e-03 -2.23241186e+00]","[ 0.43739497  1.66994146  0.74999615  0.52654016  1.61132059  0.48093723
  0.09025714  1.69871544  0.2500001  -0.5139827   1.48154019  0.43861179]","[-2.15988203  0.63831174 -0.58544559  3.63470381  0.81868088  0.63830439
 -6.3922006   9.80276364 -7.50085405 -1.37324954 -0.22056247  0.30440975]","[ 0.38722869  1.70341193  0.67128193  0.79169161  1.79999998  0.74998985
  0.09015416  1.79999997  0.25000045 -0.85048738  1.41150197  0.75      ]",24.632733583450317
[1.27946303 0.19982918],16.99594660444059,0.56,0.7,0.96,0.26,0.46,0.8,"[-3.1993787   0.58193611  0.92371525 -1.78274489 -2.03367775 -1.10690824
 -4.0533251   2.06670344 -3.28676574  1.77396086  1.28089932 -0.17774363]","[ 0.31834951  1.8         0.36692301  0.15064913  1.6153513   0.29118322
  0.13682242  1.57009662  0.32782677 -0.37262986  1.54507663  0.28254679]","[-3.06438942  0.68736935  1.12520102  1.01876486  0.23364119  1.15331839
 -5.22129415  1.1032452  -5.10932005  1.4394711   2.84621547  0.19245967]","[ 0.31977941  1.79999991  0.37236396  0.24427908  1.79999892  0.54426063
  0.12124881  1.5069706   0.28720183 -0.38439094  1.58775486  0.29585306]",21.323797941207886
[0.02801637 0.70473078],18.24974963491773,0.4117647058823529,0.6078431372549019,0.9411764705882353,0.9019607843137255,0.9019607843137255,0.9019607843137255,"[-4.0239075  -0.06314037  1.39465944  0.00455405 -0.21106713 -0.20974614
  2.0870867  -1.56502113 -0.17290562  0.16492089  0.51188127 -0.54853808]","[-0.83343205  1.40000001  0.68008474 -0.17132422  1.40000011  0.54437389
  0.83260211  1.5711646   0.48788429 -0.15924483  1.53732462  0.39591164]","[  3.66123409   4.52955542 -10.9751621    1.50391948  -0.32068756
  -0.88208944   2.33089576  -1.26505282  -4.70740681   0.10512626
   0.9698438    0.85650068]","[-0.5451347   1.56822518  0.46170866 -0.0328149   1.40006207  0.25001279
  0.72660535  1.53526025  0.38689351 -0.13147181  1.79998496  0.74878737]",17.098594427108765
[0.74110603 0.21372522],16.02070684003589,0.4117647058823529,0.5882352941176471,0.9607843137254902,0.49019607843137253,0.6078431372549019,0.9803921568627451,"[-1.54252094  0.94125056  0.5991072  -1.54176481  0.09885445  0.89679874
  2.87469681  1.59169097 -4.15274339  1.91984042 -0.7212898   0.9971989 ]","[-0.3275707   1.77745208  0.46343379 -0.15036612  1.79999923  0.74992379
 -0.40042458  1.79999998  0.43090963  0.50454445  1.40000011  0.47929202]","[-1.12760785  1.22275775  0.41495232 -1.48492     0.06831142  1.04665914
  1.21998339  1.00219996 -2.39331107  1.70767033 -0.18493386  0.69788967]","[-0.32634546  1.78709913  0.45967026 -0.15611419  1.8         0.74990755
 -0.431066    1.8         0.45169105  0.47371513  1.4         0.45199623]",25.01573371887207
[2.35646444 0.15920618],13.115408342990278,0.6078431372549019,0.803921568627451,0.9803921568627451,0.47058823529411764,0.6666666666666666,0.8823529411764706,"[ 0.09201944  0.12936331 -0.01804866  0.5239112  -0.14738667  0.45709787
  1.43274425 -0.8312066  -1.02474815  0.14905858 -0.8906627  -0.84097371]","[-0.26548231  1.79999995  0.7302681  -0.72429131  1.46190862  0.54097002
 -0.1313135   1.63838429  0.30652059  0.10421294  1.44371334  0.35728519]","[ 0.58742658  0.02497471  0.03363396 -0.68387736 -4.26603325  1.69015046
 -0.16591237  0.28542839  0.65131652  1.95068575  0.13224037  0.31871429]","[-0.262462    1.79877615  0.74996829 -0.84271737  1.40000092  0.64890902
 -0.20156995  1.77137404  0.61408888  0.17780021  1.78291527  0.74989418]",20.755565881729126
[0.85747333 0.20679344],21.283533125270008,0.45098039215686275,0.7058823529411765,0.9215686274509803,0.17647058823529413,0.3333333333333333,0.6666666666666666,"[ 0.07279552  1.0143586  -1.55025126  2.36636426 -1.00325639  0.25189312
  0.18718699  0.2552923  -0.27353572  0.05677393  0.55332041 -1.66592366]","[-0.58500194  1.57232269  0.57906113  0.20965294  1.40006375  0.74999915
 -0.06635009  1.79996194  0.47502444  0.10235599  1.54159349  0.25000001]","[-0.39462814  1.00669505 -0.7154814   0.83217131 -0.91325869  0.26305978
  0.68677653  0.28777742 -0.26873276 -0.2917734  -0.21626982 -0.69302952]","[-0.62470573  1.57991461  0.62842552  0.17374183  1.40000042  0.7498079
 -0.05422519  1.79933538  0.46525319  0.09215415  1.49549596  0.27776875]",24.388393878936768
[2.56367105 0.10913778],17.522891001522694,0.49056603773584906,0.660377358490566,1.0,0.3584905660377358,0.4716981132075472,0.6415094339622641,"[-2.90133841 -1.6408493   0.07607239  2.40426261  0.25664287  0.26707545
 -0.50842908  1.9758773  -1.2154045   0.85489981 -1.24736934 -1.76376677]","[-0.79695734  1.49144657  0.7489091   0.26774517  1.74327934  0.74999995
  0.61349417  1.60486358  0.54391824 -0.60739478  1.69902572  0.40712261]","[-7.04378564 -0.85468564  0.90476637  0.98622975  0.46534711  0.31542194
  0.50977901  1.12855521  0.1166567  -1.59679999  0.16526651  4.0967964 ]","[-0.78176624  1.50891147  0.74979473  0.2484372   1.79676726  0.74851364
  0.82758932  1.79999999  0.74339827 -0.99932048  1.79999999  0.71618516]",17.56451964378357
[6.79192661 0.101722  ],31.21768441565478,0.6,0.76,0.94,0.38,0.54,0.9,"[ 0.49195123 -0.35095986 -2.46045519 -1.88401243 -0.10170906  0.02190469
 -2.92510188  0.02662406  0.00730963  0.50671357  0.70465078 -0.45141786]","[-0.15061378  1.43936642  0.34375915 -0.41460933  1.66418826  0.74999986
 -0.84755606  1.70910977  0.75       -0.01044623  1.8         0.25387895]","[-1.90413439 -1.80576485  0.74925473 -0.60187596 -0.70589758  0.0253139
 -2.79313809  0.23084361  0.00711091  1.83742531 -0.52707801 -0.59870925]","[-0.21002203  1.4         0.5070444  -0.37679875  1.46338769  0.7499976
 -0.89920534  1.77358882  0.74999992  0.01544941  1.4000025   0.25000265]",17.407315015792847
[5.13755795 0.08948792],14.949482002960835,0.40816326530612246,0.5714285714285714,0.8979591836734694,0.46938775510204084,0.5510204081632653,0.8571428571428571,"[ 1.50677952  1.01947682  0.23048544  0.34341386  1.54766031 -0.22332648
 -0.72062483  0.39671033  0.25046765 -1.43713753  1.2509531  -2.14828462]","[ 0.42876572  1.5424297   0.42598823  0.02182328  1.79999995  0.51693736
 -0.14600143  1.67377521  0.74998879  0.36979887  1.55026175  0.36265628]","[17.00797893 -1.05681159  0.85385076  1.4931079   0.7920305  -0.69649776
  1.58733489  0.62289146 -1.03614658  0.35434186  0.92768855 -0.65684107]","[ 0.67512317  1.45179885  0.74998067  0.04038568  1.79538169  0.25002043
 -0.08920047  1.79999954  0.25000002  0.51583834  1.79999998  0.46894651]",18.20845937728882
[0.61791218 0.30921884],14.908418666538571,0.37735849056603776,0.6981132075471698,0.9622641509433962,0.37735849056603776,0.5283018867924528,0.9056603773584906,"[-2.88896067  0.52301446 -3.57553013  2.70193982  0.60092335  0.50145441
 -1.2241333   0.09971249  0.53862617  0.33248724  1.91791464 -1.17963608]","[ 0.05700654  1.65405683  0.26121804  0.27705256  1.7998175   0.74999843
 -0.56061146  1.79305596  0.40166239  0.3441289   1.55227385  0.26691356]","[-2.55741985  0.95713196 -4.71357438  1.4845277   0.4082467   0.5187812
 -3.17558055  0.12455151  0.54605144 -0.54483318  1.40807255 -1.84112668]","[ 0.06169621  1.66658125  0.27443933  0.25592345  1.70825476  0.74999909
 -0.54534378  1.79999978  0.38267364  0.3201743   1.54177457  0.26014894]",311.6125395298004
[1.39959757 0.15696976],26.218641830354258,0.5,0.64,0.92,0.18,0.3,0.74,"[-0.44537806  0.20191288 -0.77730963  1.94995813 -0.48811107  0.83877161
  1.71549149 -0.0112534   0.66395073 -1.16007992  1.06730878  0.19786037]","[-0.47519835  1.46618433  0.53110352  0.68935643  1.47360832  0.47991349
  0.42575275  1.40000002  0.42665806 -0.206667    1.66898859  0.7499998 ]","[-0.38162623 -0.82391233 -0.2141519   0.33637837  0.76882513  7.76974751
  1.41177738  0.99648819  0.78660009  2.79413047 -0.70606223 -5.94397921]","[-0.47929469  1.406989    0.55700618  0.99948048  1.53249723  0.71816578
  0.49579804  1.46020482  0.47990532 -0.09377729  1.40000143  0.25000153]",17.238616943359375
[1.52570334 0.17695344],18.70900653986819,0.5294117647058824,0.7058823529411765,0.9803921568627451,0.3137254901960784,0.45098039215686275,0.7843137254901961,"[ 0.59179745 -0.20868624 -1.22754475  1.70598529  0.0617791  -1.60984003
 -1.46307233  1.58419581  0.0406049   3.30374999 -1.10046378  1.00750686]","[ 0.03071126  1.40000212  0.3186329   0.02349271  1.79999997  0.2833156
 -0.87666294  1.73573866  0.49360505  0.46894324  1.56995213  0.31713916]","[-0.17282832  1.46739555 -0.67455128  1.56608646 -0.5620853  -1.06317378
 -1.65727795  0.72520935  0.89090045  2.61805868 -1.51240201  2.2389933 ]","[ 0.02330519  1.58532199  0.25000111  0.01234508  1.60862215  0.25000158
 -0.96376843  1.71367486  0.57086386  0.7289337   1.4724995   0.5593943 ]",20.511462926864624
[0.26173974 0.63027028],12.177312416419966,0.46153846153846156,0.6538461538461539,0.8846153846153846,0.4230769230769231,0.5576923076923077,0.8846153846153846,"[-0.21494588 -0.93770201  0.15571314 -1.14184886 -0.09710396  0.06883434
 -2.18187434  1.92380502  1.26009043 -2.27400277 -0.6073145   0.1321793 ]","[-0.08747744  1.67048669  0.43073276  0.48812881  1.40005118  0.75
 -0.56979247  1.72423703  0.29003397 -0.27181379  1.52921011  0.75      ]","[ 0.28078953 -0.9270819  -0.04695224 -2.52623961 -0.28647845  0.05354135
 -1.70399614  2.17847168  1.13109755 -3.94337355 -0.98827268  0.14938141]","[-0.07443524  1.67980775  0.40016267  0.45871011  1.4         0.75
 -0.54237106  1.72307651  0.28243112 -0.30676498  1.4         0.75      ]",17.74778914451599
[0.67145973 0.26827549],19.519619286198445,0.5098039215686274,0.6666666666666666,0.9607843137254902,0.2549019607843137,0.37254901960784315,0.8431372549019608,"[-3.10956086 -2.19502827 -1.39300562 -2.43921204 -0.4658805  -1.0766421
 -0.24298321 -0.01711958  0.2343699  -0.41934988 -0.57264294  0.33018995]","[ 0.24263137  1.69282892  0.37936265  0.31276857  1.4693747   0.41437583
 -0.83991564  1.40000004  0.69195199  0.33099121  1.51484817  0.74989224]","[-2.18044232 -2.52551031 -0.88083892 -0.27218722 -0.13521868  0.19604841
 -2.52918963 -0.01318564  0.43024043 -0.25870669  0.30332511  0.21134629]","[ 0.2497206   1.69009919  0.39423844  0.42228794  1.49177935  0.5804076
 -0.89248635  1.40000001  0.74999909  0.30465492  1.8         0.6694521 ]",17.507938623428345
[4.37795947 0.10002691],13.130716296660129,0.49019607843137253,0.6274509803921569,0.9607843137254902,0.45098039215686275,0.6078431372549019,0.803921568627451,"[ 0.99552148 -0.58617501  0.80444769  0.01627358  0.92208063 -0.80364824
  4.43553862 -1.38719747 -1.50646404  0.86747172  0.98363514 -4.97178914]","[0.24890974 1.46519919 0.61823895 0.06680946 1.71911    0.36505234
 0.46652002 1.4205113  0.25       0.04908379 1.79999975 0.25000004]","[ 0.33267132  1.02946112 -0.68430244 -0.03636844  1.30514761  0.34445351
  1.9549344  -7.51008239  2.01305776 -0.66867996 -0.4699638   0.38058315]","[ 0.18079302  1.55010534  0.42210713  0.06503007  1.79999703  0.74999951
  0.45218862  1.4         0.31688909 -0.00349081  1.58898815  0.74647401]",17.279224157333374
[0.34998807 0.25742446],15.872425732942581,0.42857142857142855,0.5918367346938775,0.8979591836734694,0.5918367346938775,0.7551020408163265,0.8775510204081632,"[-1.21459528 -0.37675422 -0.59647846 -0.99086165 -0.30799987 -1.72515151
 -1.36987559  0.57762904  0.89073505 -1.00317953  0.03105679 -0.13565393]","[-0.00468322  1.4         0.25000164  0.1935799   1.70111404  0.34819901
 -0.26819181  1.79999936  0.65016239  0.20725565  1.79996181  0.25000148]","[-0.78665166  0.73808574 -0.4709744  -2.12400767 -1.40291452 -2.42417024
 -1.79811327  0.46982464  1.44524633 -2.61788191  0.19653109 -1.25740578]","[-0.00222699  1.79997578  0.25000047  0.15568325  1.64774583  0.30325476
 -0.26726503  1.79522515  0.74913898  0.16190637  1.79999996  0.25000012]",20.602008819580078
[0.0947336  1.01074979],14.22069552480863,0.3877551020408163,0.6122448979591837,0.9387755102040817,0.6326530612244898,0.8367346938775511,0.9591836734693877,"[-0.65125666  3.16425394 -1.50286302 -0.94388971 -0.37266674  0.300218
 -0.26059885 -0.19678216 -0.35682714  7.08452375 -0.19526363  0.59225134]","[ 0.38747299  1.57695718  0.51371586 -0.53648105  1.58617158  0.5135177
 -0.46847472  1.4114962   0.43280085  0.85533806  1.52719691  0.74998802]","[-0.50360723  0.62390325 -0.93938043 -0.22834617  0.16212908  0.08937663
 -0.09102824 -0.1602547  -0.0517478   0.05713264  0.09049054  0.23192136]","[ 0.35463678  1.56211307  0.46792112 -0.58157801  1.65882662  0.51884761
 -0.49366137  1.41371948  0.45072623  0.60708256  1.57966222  0.58030456]",21.500911474227905
[3.15369341 0.11242641],14.717435346085121,0.39215686274509803,0.6470588235294118,0.9411764705882353,0.5098039215686274,0.7254901960784313,0.9803921568627451,"[ 2.35068505 -1.53107268  0.61128455 -3.71520282  0.59881731 -0.8741295
  2.57910913 -0.46856497 -2.12364148 -8.41321256  0.61635681 -6.53503676]","[-0.34229701  1.53054413  0.74999998 -0.00979013  1.79999339  0.25016632
 -0.26918838  1.70069304  0.46079666  0.26435877  1.66108833  0.31718301]","[ 1.20125108 -0.52737083  0.14756118 -1.3183086  -0.2119957  -0.08330989
  2.60056966 -1.3903712  -2.41645652 -0.65193251  2.09762979  0.10500186]","[-3.52579114e-01  1.60760692e+00  7.49997738e-01 -4.76088604e-04
  1.49993990e+00  4.93908754e-01 -2.59860927e-01  1.63126661e+00
  4.09157758e-01  5.13728395e-01  1.80000000e+00  6.89751953e-01]",17.37231731414795
[1.19429704 0.16886631],17.612311044600766,0.5490196078431373,0.7647058823529411,0.9411764705882353,0.2549019607843137,0.35294117647058826,0.6862745098039216,"[-3.27331893  0.87123295 -0.04098829 -0.44979866 -0.20765623  0.01662862
  0.40164529 -0.00899609  0.45081137 -2.05664783 -2.81528276 -1.82120144]","[ 0.41413216  1.6579062   0.34397926 -0.26612727  1.45330528  0.74998199
 -0.06175434  1.4000001   0.74982175  0.16096408  1.56096948  0.34312702]","[ 0.99522616  0.77472182  2.65862631  3.29315572 -0.26790022 -1.74280981
  4.75009204  1.51444438 -0.8922961   0.20261547 -0.02551122  0.55147088]","[ 0.48354919  1.65892292  0.39844521 -0.10136366  1.41632104  0.2745855
  0.03104334  1.79981147  0.28931178  0.33700063  1.78073446  0.71259806]",21.52573013305664
[1.65615392 0.13369056],19.129566784640186,0.4807692307692308,0.6153846153846154,0.9807692307692307,0.1346153846153846,0.23076923076923078,0.4230769230769231,"[-3.81406036 -0.48762491  1.06208457  1.6213397  -0.44848164  0.46922616
  0.92486099  0.06211951 -0.09253094 -0.50285104 -0.5496456  -0.20465753]","[-0.92774108  1.40000004  0.66105621  0.64323674  1.49309494  0.47813669
  0.40392781  1.74374831  0.39816893 -0.01799523  1.53498148  0.25000459]","[-1.2008608  -0.06366517  0.38687885  6.82044768 -1.08194845  0.97560095
  0.69214185  0.13534705  0.49872044 -0.68332739 -1.18516338 -0.2287305 ]","[-0.91955577  1.40631944  0.66048685  0.93586404  1.42048034  0.74950899
  0.50180909  1.79424339  0.50128018 -0.02643263  1.40000082  0.25988119]",20.738027572631836
[0.21090428 0.43169137],16.939299691588246,0.5,0.7115384615384616,0.9423076923076923,0.7307692307692307,0.9038461538461539,1.0,"[-0.74771342  0.28063185 -0.67243814  3.9602088  -0.08667134  0.42311491
 -2.45028279  0.51600262  0.46113555  0.41423765 -0.01827493  0.29661246]","[-0.01153179  1.8         0.25000027  0.58197685  1.4506744   0.74999997
 -0.34571783  1.75506135  0.74998078  0.8755477   1.44177299  0.72726956]","[ 0.66184609  0.17611532 -0.50987478 -0.36568219 -0.19261537 -0.17623036
 -1.18517971  0.25358347  0.707085   -0.73667957  0.07398809 -0.7184944 ]","[-0.00378443  1.8         0.25        0.4185861   1.40000252  0.55924067
 -0.32023342  1.64631194  0.74897153  0.5969649   1.4516757   0.49135135]",17.619097471237183
[1.33076415 0.22043124],18.245964893019377,0.6,0.76,1.0,0.44,0.6,0.82,"[-3.78516969e-01  3.64584779e-01  2.41179200e-02  1.09612470e-03
  8.91433495e-02  5.39579352e-03  2.78040377e+00  9.69476207e-02
 -9.05041350e-01  3.88189699e+00  1.35262226e+00 -1.04634010e+00]","[ 0.10942139  1.79999997  0.60138837  0.47218558  1.69863872  0.68187572
 -0.35201414  1.45230426  0.25        0.01526845  1.7999999   0.26033545]","[ 0.16017131  0.36057498  0.17625246  0.76640489  0.46261952  0.21956737
 -1.05911955 -1.35541868  3.15788112  1.50203151 -0.0097765   0.0674417 ]","[ 0.12902577  1.8         0.66571045  0.49172822  1.8         0.75
 -0.42754395  1.4         0.35990339 -0.02642734  1.40000002  0.74998683]",17.295696020126343
[0.24948741 0.33754364],21.19913939039689,0.4339622641509434,0.5849056603773585,0.9622641509433962,0.41509433962264153,0.6792452830188679,0.9245283018867925,"[-2.3671781  -0.12982517  1.18595503 -6.58263638  0.13123812  0.52221682
  0.01492662  0.22475639 -0.13402128 -0.00804276  0.46254952  0.09640048]","[-0.57743005  1.57584878  0.36904112 -0.45582206  1.65850642  0.74999999
  0.21641313  1.74800788  0.63636508  0.12918317  1.52318209  0.39717446]","[-2.44964214  0.30658528  1.62446895 -0.57611331  0.5770143   0.28280694
  1.38898021  0.62413463  0.19984772 -0.86457665  1.63372443 -1.98450142]","[-0.58748646  1.57936534  0.37968343 -0.38291389  1.8         0.64963528
  0.25324807  1.79999152  0.749996    0.11299166  1.49611208  0.25000005]",17.66639232635498
[1.33074251 0.11118943],16.008399303216233,0.4897959183673469,0.6530612244897959,0.9387755102040817,0.16326530612244897,0.20408163265306123,0.32653061224489793,"[-1.21287711e+01  1.93373900e+00  1.22540273e+00  4.73157489e-01
 -4.13707300e-01 -1.05789268e+00  3.52752647e+00 -1.06755074e+00
  1.61571142e-03 -5.74092169e-01 -4.33044824e-02 -1.10291616e+00]","[-0.46306063  1.77796787  0.32120506  0.34162758  1.43678523  0.46508425
  0.51283223  1.58607327  0.74999225 -0.38795185  1.70166653  0.44680913]","[-8.71657611e+00  3.09268146e+00  3.40247749e+00  3.44790119e+00
 -1.59871919e-01  3.22844114e-01  3.66711576e+00 -6.76045127e-01
  1.50478325e-03 -5.90837941e-01 -9.80017837e-01  2.14751380e-01]","[-0.52124331  1.8         0.3739236   0.54386886  1.41632778  0.74998037
  0.58737     1.54880125  0.74999973 -0.55149344  1.47954671  0.66079881]",17.61042284965515
[6.79349445 0.14218536],23.084742185227487,0.48,0.66,0.98,0.4,0.5,0.94,"[-0.67725546 -0.41464427  0.31119947  2.2890683   0.23764583 -1.19510438
  1.91649345 -1.26636069 -2.02393363  2.04733319  0.50213988 -1.0641269 ]","[-0.15752456  1.52789204  0.74999985 -0.17147749  1.79999995  0.37672557
 -0.24392555  1.67966778  0.44460732 -0.50116445  1.77452848  0.43907709]","[ 0.50504313 -0.93811575 -0.31290667  1.50649383  0.03649291 -0.45693956
  1.35807267 -1.65901316 -1.17178749 -1.20379496  0.15207813  0.56431348]","[-0.13266465  1.40000001  0.59705382 -0.15673978  1.74228245  0.41420975
 -0.23953703  1.56945124  0.49977477 -0.7642133   1.79988634  0.74999998]",20.773714303970337
[7.19473225 0.06899635],24.270133431637475,0.4807692307692308,0.6538461538461539,0.9230769230769231,0.23076923076923078,0.3269230769230769,0.6538461538461539,"[-0.86792994  0.09618812  0.96547708  1.19387196 -0.26451142 -0.12545909
 -1.58009274  0.48459325  1.38772781 -3.48769904  0.98856153 -2.37472857]","[ 0.26803998  1.79742586  0.46074407 -0.78143618  1.4476026   0.51236061
 -0.16481639  1.74367219  0.749565    0.54104283  1.66731261  0.44505379]","[ 0.18270836 -0.20411989  0.55456674 -0.04156372 -0.12709351  0.35404886
 -0.52913285  0.82476733  0.77862218 -1.36434852  0.67231623  0.1927305 ]","[ 0.31937713  1.7515704   0.6312015  -0.968158    1.42307777  0.66235507
 -0.18856575  1.8         0.57180767  0.83015171  1.8         0.75      ]",16.808350086212158
[5.48094569 0.05687039],22.94681330606676,0.5,0.6346153846153846,0.9807692307692307,0.3076923076923077,0.40384615384615385,0.6153846153846154,"[ 1.66971333  1.32733828 -0.31561668  0.25298864  0.28311519  0.3689084
 -0.85697752 -1.97561316 -0.85574621  2.1767078  -2.06033152 -1.40946145]","[-0.31832176  1.77246846  0.29808903  0.03802708  1.7999999   0.47595831
  0.34661882  1.4918532   0.25       -0.31698674  1.64736397  0.34944437]","[-1.48356292  4.80744686  2.74325109  1.93236051 -4.6904982  -0.33822701
  2.01734081 -0.46847481  1.81507052  1.00107627  0.18535559  0.24758951]","[-0.40811957  1.79999996  0.44961216  0.08832427  1.40000042  0.25000002
  0.69328244  1.40000007  0.54180578 -0.27172586  1.79999655  0.53720694]",24.59978222846985
[0.17093588 0.64737447],18.364524623850407,0.54,0.64,0.94,0.32,0.38,0.62,"[-1.24999142 -1.03766101 -0.80217324 -6.08356959 -0.08461307  0.10650624
  0.92892101  1.15862681 -0.3506879   0.24313445 -3.52540108 -1.45141311]","[-0.53444669  1.49601329  0.56918467 -0.67934033  1.40000055  0.74998052
  0.29312529  1.47593926  0.41094789  0.56151538  1.59705327  0.46404264]","[-1.02872927 -0.40421993 -0.164025   -0.88702574  0.1373476   0.07412134
  0.63035278  0.86882207  0.68619021 -0.79121734 -2.03280656 -1.57495429]","[-0.56651525  1.50807026  0.60382442 -0.70156381  1.46437516  0.73432549
  0.41456986  1.52806319  0.62382835  0.44854469  1.59602518  0.41164011]",20.53142285346985
[1.59781915 0.17135713],18.153325307581994,0.5102040816326531,0.7346938775510204,0.9795918367346939,0.4489795918367347,0.5714285714285714,0.7959183673469388,"[ 0.43474152  0.39664228 -0.65661823 -1.37310765  0.68449756 -0.00953628
  0.12206432  0.15102507 -0.11320606  0.68553462 -0.07959902  0.16177185]","[-0.37703931  1.50715567  0.61125201 -0.28343076  1.69774674  0.25000003
 -0.78158217  1.57004524  0.6076558   0.95302013  1.55223626  0.74732869]","[ 3.08480254  3.42931564 -3.37745693 -0.46186417  0.68747685  1.64089149
  1.77835689  1.48581355 -1.66013123  0.31679026  3.54476485  0.78354082]","[-0.27877925  1.59478441  0.43678431 -0.27997832  1.70723986  0.34290885
 -0.58364833  1.62497976  0.44296496  0.99999186  1.79999999  0.69584524]",17.095712900161743
[1.53905441 0.10531418],12.003305837374892,0.5294117647058824,0.7450980392156863,0.9411764705882353,0.5686274509803921,0.7450980392156863,0.9803921568627451,"[-0.26838158 -0.09913027 -1.44244562  0.30793827 -0.91788002  0.32491834
 -0.22359396  1.4952794  -4.90155732 -0.03416857 -1.80792998 -0.41681369]","[ 0.31496508  1.62130143  0.34149768  0.3643419   1.63448958  0.69466039
 -0.04642585  1.61783481  0.25000001  0.22084491  1.4         0.45870386]","[ 1.42454187  0.06140959  1.58665562 -0.8393473   0.06633437 -0.74773314
 -0.58183166  1.06249672 -0.36721758 -0.24704651 -0.55873154 -0.23378933]","[ 0.41702642  1.62563192  0.52283761  0.22425292  1.78385815  0.40590808
 -0.05396932  1.64692539  0.25000745  0.20112428  1.40000006  0.45596898]",21.433511972427368
[3.4716113  0.08937406],20.23203611407994,0.5098039215686274,0.6862745098039216,0.9215686274509803,0.4117647058823529,0.6470588235294118,0.8431372549019608,"[-1.24213485 -0.41238843 -0.26667385 -5.28969275 -1.38919312 -2.36452407
 -0.13585266  1.16851147 -0.22166732  0.08195406  0.14268781  0.29607236]","[0.07810482 1.4        0.47619254 0.22458062 1.56581778 0.25
 0.11353116 1.79999997 0.55872652 0.33103295 1.79999638 0.63938944]","[ 2.20421320e-03 -8.78781760e-02  9.04226484e-01  9.13031445e-01
  4.61125009e+00  1.21897205e+00  6.44630438e-01  7.65649335e-01
  2.37997544e-01 -3.13604413e+00 -8.18198337e-01 -9.95797071e-01]","[0.10594777 1.40000001 0.74920567 0.3689112  1.8        0.48829287
 0.15089858 1.79999999 0.74996505 0.15195474 1.69048866 0.2505237 ]",18.594871520996094
[4.54044493 0.10411376],34.97492385185426,0.5510204081632653,0.673469387755102,0.9183673469387755,0.3469387755102041,0.4897959183673469,0.6122448979591837,"[ 0.9368058   1.5389051   0.20092816  0.60813665  0.88684592  0.07585074
 -2.26166967  0.86821554  0.63452207 -0.00937411 -1.50195668 -0.38879171]","[ 0.57994562  1.62965373  0.63821523  0.66268354  1.57010268  0.53385568
 -0.13689224  1.79999958  0.74994993 -0.57672852  1.50923659  0.54883683]","[ 9.44174194  1.90989028  2.53476397  6.00348369 -0.38695909  3.27933373
 -0.5801242   0.90629829 -0.54937143 -3.69010271 -0.50693981  0.75929355]","[ 0.66194947  1.7122313   0.75        0.88478223  1.42619856  0.74999981
 -0.0843432   1.79999933  0.35082488 -0.81459439  1.46726704  0.74999975]",23.94940948486328
[0.39659394 0.34720767],35.70377785103227,0.5,0.62,0.98,0.48,0.62,0.72,"[-9.71858848  0.3466312  -0.21374489  0.04087602  0.83343796  0.13795534
  4.43881143 -3.86072251 -1.09787519  1.30501176 -0.28900815 -0.42307713]","[ 0.40745894  1.58788082  0.30399861  0.34356807  1.79990986  0.74965136
 -0.06024751  1.50269024  0.25013758 -0.2545457   1.40074206  0.52001467]","[-3.8311477   0.2364799  -1.07662955 -1.35187294  0.17346919  0.17754931
  0.05621137 -0.97426977  0.31985767  0.42996744 -0.17295776 -0.01139387]","[ 0.40784923  1.58694402  0.29543346  0.28776875  1.61241023  0.7499994
 -0.1060237   1.40060182  0.74950853 -0.26551573  1.43879512  0.55928769]",17.645437717437744
[0.32400367 0.35154315],20.503217429023934,0.42,0.72,0.96,0.22,0.3,0.48,"[ 3.30041732 -0.65290259 -0.98981296 -0.76848614 -0.21852552  0.34456247
 -4.91027694  1.17891384  0.63781924  0.79434903  0.00994959 -0.01604651]","[-0.29631235  1.67114027  0.52711129  0.3122928   1.67114889  0.49736632
  0.61456331  1.59696013  0.32243242 -0.28663973  1.43735823  0.742995  ]","[10.68488207 -1.11891769 -3.04947349  2.40349051 -0.01547261  0.62925509
 -7.49239053  2.20217006  2.37762474  2.52047882  1.04101447 -1.72298632]","[-0.31091721  1.651381    0.54460795  0.48564519  1.68407693  0.74894633
  0.62840432  1.61541942  0.33933606 -0.10001359  1.56787504  0.25012633]",17.549497365951538
[0.78082707 0.23946824],39.7733984544352,0.5849056603773585,0.7358490566037735,0.8867924528301887,0.5283018867924528,0.6226415094339622,0.8490566037735849,"[ 4.68807632 -0.36209826  0.2330063  -1.05584503  1.03744961 -0.35209215
 -4.04035686  0.7295049  -8.98142371  0.49231395  1.87035304 -0.5561514 ]","[ 0.2833809   1.5497929   0.74999982 -0.47780015  1.71951447  0.43034891
  0.04899844  1.46930305  0.25       -0.15095453  1.67400116  0.25976702]","[-0.05835628 -0.41213185 -0.53448234 -1.04983855  1.35186238 -0.2459405
 -2.64996961  1.25447529 -5.78975165  0.29664297  0.82799973 -1.2379956 ]","[ 0.22757394  1.5575159   0.57232951 -0.47049866  1.73511157  0.44024785
  0.06389553  1.49861506  0.25000075 -0.15372349  1.7999983   0.33575917]",17.05426049232483
[0.90261751 0.31102958],11.916424300575125,0.5510204081632653,0.673469387755102,0.9183673469387755,0.24489795918367346,0.3673469387755102,0.6938775510204082,"[ 0.4056975  -0.25214617 -0.65981711 -1.39925986  0.30211648 -0.05564945
  0.02271366 -1.83296436  3.86976829 -0.56058923 -0.66259568  0.96594165]","[-0.04645214  1.4         0.37074275  0.31243643  1.63055778  0.26504363
  0.99999994  1.51568036  0.43746859 -0.76505275  1.53580963  0.56777322]","[-0.61500339 -0.2487949   0.31827379  0.13703415  1.03193566  1.69630137
  0.12886567 -3.10602802  5.91279163 -0.82197335 -0.33742275  1.25124692]","[-0.0680389   1.40000006  0.56179168  0.34236866  1.64621266  0.3229677
  0.99999999  1.50799169  0.44571075 -0.76590211  1.56864502  0.54771162]",21.20778203010559
[1.048483   0.31449696],19.646935829032174,0.7254901960784313,0.8235294117647058,0.9803921568627451,0.5490196078431373,0.7647058823529411,0.9803921568627451,"[ 0.88753444 -1.41036875 -1.17342361  1.19862338 -0.11891358  0.04914797
 -0.20805346  0.3580998  -0.47889564 -2.15995044 -0.79162796 -2.14869271]","[-0.363897    1.75079157  0.44388714  0.87874907  1.40586132  0.74999984
  0.43882976  1.8         0.55014946  0.2135995   1.59322807  0.37977575]","[-0.5279631  -0.76080685  0.21088073  0.12874247  0.16159497  0.04180658
 -1.78283985  0.9770455  -1.86147794 -4.46594237 -0.48078914 -3.90967639]","[-0.41815     1.77289495  0.51567493  0.82642735  1.45600055  0.74999457
  0.36431264  1.8         0.46238659  0.17324966  1.62625708  0.34392248]",17.14497709274292
[1.42232527 0.11064589],16.325735005800087,0.46938775510204084,0.5714285714285714,0.9183673469387755,0.2857142857142857,0.3877551020408163,0.673469387755102,"[ 0.50874276 -0.54793985 -0.68867303  2.12080357 -2.88355711 -4.76515141
 -1.25270238  1.06721757  0.41342814  1.15277956 -1.48320018 -0.77077454]","[ 0.48891369  1.50911283  0.53411836 -0.64364094  1.62231473  0.4156109
 -0.28963728  1.69583354  0.32885662 -0.12546428  1.47804562  0.25016271]","[ 1.65616184e+00 -1.80741164e+00  6.82952886e-01  1.85860424e+00
 -1.18468192e+00 -3.68878997e+00 -1.82168685e+00  1.90140002e+00
  1.46236205e+00  1.97482025e+00 -3.96159010e-04 -1.19162404e+00]","[ 0.59957417  1.41650907  0.66485604 -0.62467092  1.63807514  0.4270813
 -0.4668901   1.79996006  0.54686449 -0.0859968   1.58182693  0.258684  ]",20.964951753616333
[0.44495936 0.24196001],12.335182943493528,0.38,0.58,0.9,0.1,0.18,0.42,"[ 9.10644117e+00 -8.90061779e-01  4.77996380e-01 -1.36960611e+00
 -1.28305327e+00  1.59649519e+00 -2.96824834e+00  1.19484583e+00
  6.82050171e-03  1.92694448e+00 -7.84485656e-01 -4.74895998e-01]","[ 0.42631611  1.62849233  0.3093648  -0.06428979  1.4         0.74999559
 -0.30105134  1.67997458  0.75        0.56268703  1.60236337  0.38490341]","[ 7.77075993e+00 -1.59536216e+00  6.68963361e-01 -1.18922725e+00
  3.06093217e-01  9.56882621e-01 -2.39140117e+00  1.32362957e+00
  7.42880976e-03  5.27693993e-01 -1.26741541e+00 -3.31150038e+00]","[ 0.42515953  1.62397738  0.31223264 -0.06954832  1.79950111  0.74879093
 -0.29216351  1.79998126  0.74999336  0.47707877  1.59855778  0.31076034]",20.907901287078857
[1.6968199  0.13867873],19.125705498800517,0.4,0.72,0.98,0.38,0.6,0.9,"[ 0.6802317  -0.23622847 -0.29071635 -0.66264153 -0.15468095  0.42553385
  0.23691767 -0.21124187 -0.5133046   0.06504374  0.00636361  0.09976639]","[ 0.46739142  1.64846735  0.55148109 -0.40153678  1.6829152   0.52118875
  0.54856693  1.42267374  0.50439069  0.18803457  1.72395023  0.67008769]","[ 1.00339903  0.55905934  0.61200925 -3.70423477  0.33930776  0.5700369
  0.44897879 -0.74855151  0.0620639  -0.1732973   0.20315793 -0.32442225]","[ 0.53786159  1.69773193  0.65040588 -0.57867325  1.77490073  0.74963735
  0.59912107  1.4         0.58096887  0.14876712  1.8         0.52479384]",21.78347635269165
[6.89686068 0.07223774],36.27156165917455,0.46153846153846156,0.6346153846153846,0.9038461538461539,0.38461538461538464,0.46153846153846156,0.75,"[-4.0072197  -0.64684275 -1.66350544 -3.28202835 -0.58099635 -2.73280832
  3.15398907  0.06612916 -3.25383519  0.15002257 -1.13637285  0.38532521]","[ 0.50060581  1.64091089  0.51381947  0.21486282  1.4         0.40404514
 -0.34496983  1.79999916  0.45466579  0.57321915  1.60709581  0.63154254]","[ 3.7768432   0.80405045  1.49525283 -1.1623933   1.59094625  0.49097903
  2.44927146 -0.07530904 -2.91465576 -3.48542928 -0.12153454 -2.56404591]","[ 0.71305793  1.70896753  0.74999983  0.24732173  1.79992697  0.74972055
 -0.30164975  1.77314181  0.39476553  0.30188178  1.73166768  0.33754065]",20.804287433624268
[1.28969603 0.14101515],29.601480862091233,0.4423076923076923,0.5961538461538461,0.9423076923076923,0.38461538461538464,0.6923076923076923,0.9423076923076923,"[-0.50357229  0.30745235  0.52699387  1.2595991  -1.08966302 -1.56932096
 -0.23350409 -0.13198725 -0.00416453 -3.82455147 -0.1899387   0.3551765 ]","[-0.29255472  1.47886701  0.49564399 -0.41401024  1.64388811  0.42935493
  0.12525866  1.75700705  0.25508554 -0.93521278  1.43540186  0.74999994]","[-1.50815864 -1.15119316  1.39889476  1.64279584 -1.78023598 -1.67499996
  0.96744518  0.10796568  0.76908531  1.63670735  0.72717481 -1.81358024]","[-0.32933949  1.40000047  0.55202809 -0.3367786   1.58555653  0.37182519
  0.17911782  1.79999952  0.34187346 -0.45995692  1.5230535   0.37150399]",17.31293535232544
[5.7558703  0.10543117],33.76680785086194,0.45098039215686275,0.6274509803921569,0.8823529411764706,0.2549019607843137,0.47058823529411764,0.7843137254901961,"[-0.44505873 -0.78040809  0.3782158  -0.25421781 -3.14388675 -0.72456036
 -0.02504005  0.41024568 -3.41904042 -0.08311806 -0.27342581 -0.13162964]","[-0.12701881  1.59171199  0.54195852 -0.43891405  1.60568382  0.43988839
  0.34535398  1.62577216  0.25954997 -0.05861237  1.4         0.25000847]","[-5.57040034  0.60931985  0.80767357 -0.2606202  -2.56015697 -0.35860109
 -0.5075518   1.09657762 -0.26834332  0.38230373  0.46625036 -0.62460091]","[-0.18935291  1.79934343  0.74999945 -0.44986568  1.5849328   0.45776625
  0.31513597  1.66419154  0.32921973 -0.04834864  1.47725343  0.25000011]",16.957217931747437
[1.03838407 0.19555437],26.48913917636689,0.47058823529411764,0.6666666666666666,0.9215686274509803,0.49019607843137253,0.7254901960784313,0.9607843137254902,"[-0.55319151  0.61529527  0.03794291 -0.04969483  1.42866758 -0.26470692
  0.64237219 -0.48468326  0.57583396 -0.23685729  0.77914297 -0.52376253]","[ 0.03314858  1.79999951  0.74921792 -0.23208105  1.70319506  0.48339977
  0.251395    1.41857608  0.41839948 -0.3543319   1.79999985  0.53743391]","[-0.89945589  0.60173437  0.03774747 -0.75753381  0.62463425  0.33536332
  0.24690778 -1.63837994 -0.13921779 -0.34333078  0.6962032   0.11564408]","[ 0.03061868  1.79997275  0.7499999  -0.35064381  1.79999686  0.69607578
  0.20993732  1.42696652  0.32444749 -0.41498085  1.8         0.68923803]",20.77732491493225
[0.6185502  0.26548661],18.97656085456691,0.52,0.66,0.92,0.4,0.74,0.96,"[-6.15911306  1.61119154 -6.98257338 -0.4525689  -0.57293451  0.20282992
 -1.09118503  1.8300777  -1.51340521  2.33743815 -1.47748406 -0.48805144]","[ 0.16513821  1.61780874  0.34496518 -0.09879982  1.4         0.70165945
  0.23649172  1.50785421  0.30517276 -0.13153846  1.62664028  0.25000328]","[-3.33789254  1.69731619 -4.65105153 -0.2240163   0.12603861  0.14620811
 -0.81797172  1.89731518 -1.20351883  1.80862747 -0.79614327 -0.46295448]","[ 0.18430084  1.63206636  0.38808511 -0.11052892  1.64200372  0.69432532
  0.23958818  1.51350754  0.312037   -0.12836617  1.65398908  0.25289773]",17.133979082107544
[0.15331376 0.5393612 ],25.93152370300213,0.46938775510204084,0.6938775510204082,0.9591836734693877,0.14285714285714285,0.22448979591836735,0.5102040816326531,"[ 2.61583853 -0.12794266  0.08677072  1.46859209 -0.24810014  0.37820692
  7.71378185 -3.03376631 -5.00156414  3.29466541  0.64569455 -0.31152511]","[-0.54155734  1.40270879  0.7132697   0.01713006  1.40993802  0.72195856
 -0.15658984  1.63564471  0.28317201 -0.1605504   1.69354451  0.3285404 ]","[ 2.31919777  0.44182172 -0.47979119  0.96610727  0.74496546  0.34056591
  4.16449772 -1.04979251 -1.20921612  3.61603673  0.24637143 -0.94239142]","[-0.44925781  1.48129592  0.62402679  0.00633378  1.77416934  0.6992238
 -0.14149205  1.70054939  0.29037327 -0.160947    1.65994973  0.28208682]",17.747522592544556
[0.40082888 0.52029527],16.631890804415853,0.54,0.74,1.0,0.06,0.06,0.28,"[ 2.96882865 -0.45975243 -0.68277053  0.39197811  0.00363719  0.82688266
 -0.17900218  0.31882045 -0.70291988  3.5283815   0.79692574 -0.83800604]","[-0.30290795  1.73441957  0.55279793 -0.71667735  1.46686902  0.74549829
 -0.02663491  1.79999669  0.25003593 -0.0994764   1.63876379  0.37877482]","[ 3.33220648 -0.28581842 -0.72973515  1.42155463 -0.34824127  0.738008
  0.8015505  -0.81605506  0.68295575 18.64217267  1.12186826 -4.91235211]","[-3.00311917e-01  1.74765381e+00  5.58784370e-01 -7.00954608e-01
  1.43753122e+00  7.49980964e-01 -3.08649387e-04  1.52858312e+00
  7.26306933e-01 -6.14092893e-02  1.50906332e+00  2.50000370e-01]",16.810775756835938
[0.064175   0.68913242],16.043810988229488,0.5384615384615384,0.6538461538461539,0.9423076923076923,0.8269230769230769,0.9230769230769231,0.9807692307692307,"[ 1.10940961  0.38667476  0.05940992  0.70382064  1.64464523 -0.13220897
 -0.64282065  1.10383674 -0.63704661 -1.25961155 -2.31602838  0.19931578]","[ 0.47394907  1.6371154   0.70917389  0.55772117  1.48424646  0.3943031
  0.03913909  1.67090879  0.25000163 -0.63239094  1.6367637   0.37405706]","[-0.54947528  0.22394748 -1.11906584  0.45157047  0.46951597 -0.51302997
  0.03234419  0.6971708  -0.81149944  0.6042645  -0.25782293 -0.201939  ]","[ 0.31711934  1.67475667  0.49133311  0.57211824  1.55817402  0.34317965
  0.06092428  1.77073197  0.28913848 -0.4231442   1.63513364  0.33128039]",17.439937114715576
[0.19883703 0.79914034],16.47496902678428,0.5384615384615384,0.7115384615384616,0.9615384615384616,0.38461538461538464,0.46153846153846156,0.6923076923076923,"[ 9.15835898  1.44209659  0.89112217  1.78403538  0.02909563 -3.07087877
 -2.4661434  -0.17975132  0.17406466  1.28844555 -1.88016936 -3.45787395]","[ 0.69129647  1.73925845  0.74999982 -0.06569206  1.79999999  0.25000004
 -0.9085281   1.49837171  0.40249899 -0.33597395  1.71175049  0.32337412]","[ 7.98451378  0.46051425  0.1322689   2.39473631  0.02800896 -0.55401361
 -0.52757289  0.87537315 -2.03508212  4.141055   -4.75335944 -6.03690134]","[ 0.66996963  1.70507735  0.74999925 -0.05435989  1.8         0.25000072
 -0.81569786  1.51676468  0.3524479  -0.25447691  1.66396533  0.26553431]",21.558249950408936
[2.06730212 0.17824707],16.248089512218158,0.5098039215686274,0.7058823529411765,0.9607843137254902,0.13725490196078433,0.17647058823529413,0.37254901960784315,"[ 1.57035777  1.08782568  0.00875099  3.0195145  -0.31104554 -0.57840947
  2.89781361  0.68308349 -2.05199296 -2.4866353   0.07499495 -0.59825908]","[-0.79317731  1.78205405  0.61458175 -0.03616585  1.40000075  0.25000028
 -0.22003594  1.79999958  0.41884378  0.04043544  1.79942343  0.25000135]","[-0.78671298  0.56624685  4.2339857  -0.01959343 -0.20721185  1.04458678
 13.43537328 -0.49228287 -1.1966396  -0.31120002 -0.86572873 -0.26661796]","[-0.93461448  1.76674771  0.74582734 -0.06707657  1.4028171   0.71164002
 -0.1336763   1.73925047  0.25005903  0.06532095  1.46944443  0.36665873]",21.639222860336304
[0.55536323 0.28071627],15.751536599587087,0.37254901960784315,0.5686274509803921,0.9019607843137255,0.19607843137254902,0.29411764705882354,0.35294117647058826,"[ 6.92776454  0.2376192   0.79487396 -3.14237472 -0.99917041  0.98679284
 -2.95650663  0.54449287  0.06939509  1.02480196 -1.27260842 -4.08551442]","[ 0.19110912  1.74191413  0.74999998 -0.95192201  1.51914922  0.51317974
 -0.59055402  1.67920006  0.38374748  0.46808843  1.60035333  0.34347229]","[ 1.15549048  0.15145447  0.55073957 -5.1258154  -0.76937243  2.4591953
 -2.4802866  -1.13027698 -0.49491901 -0.15907084 -2.68113182 -8.4401464 ]","[ 0.17143614  1.76883924  0.69211045 -0.99115489  1.52057481  0.52908895
 -0.56202545  1.63703289  0.36360987  0.41682706  1.57045634  0.30745413]",21.378910779953003
[1.6094309  0.13682652],12.679484590528839,0.43137254901960786,0.7058823529411765,0.9215686274509803,0.45098039215686275,0.6078431372549019,0.8627450980392157,"[-0.50587724  0.22434447 -0.0578631   0.48083815  0.48246481  0.39395919
 -1.43963972  1.06696639  0.20830159 -0.13470818  1.02638045 -0.61299448]","[ 0.29062718  1.7999997   0.55512158 -0.05534377  1.79999043  0.74893986
  0.48745018  1.44761268  0.28148966  0.09443979  1.51952837  0.25001415]","[-2.43192833  0.16055873 -2.19084665  0.42929111  2.28433772 -1.60845253
  0.08165536 -0.05767495  1.75899775 -2.25050206 -0.60825318 -0.56453714]","[ 0.25527248  1.7999999   0.45868831 -0.05769586  1.8         0.33686981
  0.54682333  1.42031843  0.38217191  0.04287844  1.40000012  0.25000031]",21.759061336517334
[0.75580166 0.23405943],17.30465073554163,0.39622641509433965,0.6226415094339622,1.0,0.32075471698113206,0.3584905660377358,0.6037735849056604,"[ 0.81629672 -1.05395485 -2.041494    3.27019788 -0.42488163  0.53621448
 -5.55859688  0.30909477  0.61527806  1.42015567 -0.12429779 -0.07773803]","[ 0.26984908  1.61371769  0.43746578  0.4003602   1.45210922  0.74948821
 -0.50528212  1.77852653  0.74997698  0.57751722  1.61789273  0.41564053]","[ 0.54249982  0.32349661 -2.50689219  0.55126958  0.73076133  0.47626949
 -7.55810627 -0.34485309  0.64795189  1.09762784  0.72954994 -0.11295094]","[ 0.26185267  1.65616026  0.42180452  0.35785821  1.79999766  0.70104754
 -0.48161285  1.55157836  0.749987    0.5536834   1.65694742  0.41258398]",24.659784078598022
[1.38345754 0.1339881 ],17.139433621056533,0.5192307692307693,0.7692307692307693,0.9423076923076923,0.36538461538461536,0.5192307692307693,0.7884615384615384,"[ 0.21866281 -0.80651546  0.37864164 -0.03400035  0.77974085  0.06294089
 -1.44309969  0.54626898 -1.31323071  0.7178896  -0.9190858  -0.51948456]","[-0.67838453  1.62020459  0.44091313  0.13541347  1.79999981  0.45311677
  0.16598466  1.51279529  0.41720201 -0.04314709  1.40000001  0.25000146]","[-2.41282686  0.58334799  3.02063896 -3.33991612  2.22751665 -2.08776716
 -0.11608489  0.02571037 -0.39345837 -0.77732469 -0.18476697 -0.53694877]","[-0.78820114  1.64107285  0.53290434  0.08413333  1.79996819  0.25213912
  0.24000435  1.45886976  0.50101134 -0.07148471  1.40022239  0.25055992]",13.76206350326538
[1.21055269 0.12592598],13.992594247607734,0.4339622641509434,0.5849056603773585,0.9433962264150944,0.2641509433962264,0.32075471698113206,0.5094339622641509,"[ 0.16782711  2.05366783 -2.04479293 -2.96810964  0.33051268 -0.17135549
 -0.80798811 -3.15971029 -1.49930661  0.31225671 -0.66370454 -0.30488925]","[-0.72351909  1.5195891   0.53847642 -0.3914667   1.60695448  0.27506241
  0.43526077  1.60942277  0.46772248  0.05042367  1.40014963  0.2748803 ]","[-0.57678643 -0.68635354  0.22898936 -1.69804579 -0.10600072  1.53049267
 -0.7839873  -0.25725812 -1.7880648   0.12622218  0.0499634  -0.25607376]","[-0.96700193  1.41754696  0.71907412 -0.5963456   1.59553625  0.46056408
  0.40837582  1.74262701  0.42405095  0.04937781  1.67343116  0.289655  ]",16.88050675392151
[0.31149429 0.49756666],15.34254916600147,0.54,0.72,0.9,0.34,0.62,0.96,"[ -0.09933007  -0.65380229  -1.28883512   1.29127012   0.24169352
  -1.90965421  -0.24922144   0.10936059  -0.81831195   4.66049866
   0.29490063 -10.3575548 ]","[-0.29410773  1.47229945  0.33859817 -0.13122366  1.58306914  0.39608194
 -0.24193477  1.59004902  0.28703363 -0.11544009  1.66479483  0.25000002]","[-0.36555007 -0.81908439 -1.00721341  0.03626535 -0.35821538 -0.30587269
  2.21946572  1.85234533 -4.17590322  2.02286167  0.59438331 -3.17547522]","[-0.29861356  1.46941734  0.34863603 -0.18213247  1.44473099  0.58235954
 -0.20839769  1.63020242  0.25       -0.12377748  1.69745897  0.29557625]",20.803812503814697
[2.31077669 0.06686421],34.511747404662145,0.5660377358490566,0.8113207547169812,0.9622641509433962,0.39622641509433965,0.5094339622641509,0.7358490566037735,"[ 7.36620056  0.71372319 -0.28250409  0.34220774  0.06232523  0.35758383
 -0.04684753 -0.41110109  0.08468592 -1.33202721 -0.38263933 -0.43788242]","[-0.30638288  1.6283872   0.31104062 -0.3347759   1.42152506  0.74999687
  0.00559522  1.64508541  0.72466087  0.47529545  1.40000016  0.51003172]","[ -1.27652478   2.48689469   2.83542852  -1.03456302   5.04151622
   0.30150935  -2.05882742  -0.2753385  -14.15296319  -2.51574917
  -0.35511435  -1.69094352]","[-0.42034244  1.69651165  0.45486046 -0.4656512   1.79999999  0.7420022
 -0.05977985  1.75141749  0.25        0.29637919  1.40000001  0.34459483]",29.015066146850586
[2.33581666 0.12069302],16.125289605178565,0.4489795918367347,0.7142857142857143,0.9387755102040817,0.5714285714285714,0.7959183673469388,0.9795918367346939,"[ 0.12793201 -0.38487079 -0.36491774 -2.07111678  1.88251562 -2.2693624
 -0.3596221  -0.0941806  -0.52140899 -0.12438642 -0.45460781 -0.63220744]","[-0.18090643  1.45726869  0.51456052  0.49340034  1.62196874  0.4261363
  0.01248266  1.40002141  0.40290078  0.18143362  1.75735781  0.27423733]","[ 0.00308155 -0.35586843 -0.01129017  2.84525649  1.0843572   0.57116856
  0.12969224 -0.12873463 -0.91419653 -0.99890471 -0.44496014 -0.50732168]","[-0.18702125  1.40006128  0.56544464  0.77391792  1.70018489  0.74875475
  0.02306741  1.40000002  0.25001375  0.13749325  1.74313094  0.27776643]",16.933617115020752
[0.16090289 0.65814014],14.83477159456785,0.5925925925925926,0.7037037037037037,0.9444444444444444,0.25925925925925924,0.3888888888888889,0.6851851851851852,"[-2.79806928  2.29418321 -2.0125704  -3.99504512  0.84208663 -3.36243278
 -0.33391782  0.44570081 -0.40604301  2.22289462 -0.33345536 -0.53494609]","[ 0.1186397   1.60697452  0.36997503  0.23365374  1.59789909  0.36939563
  0.32833714  1.79997805  0.53169571 -0.4513655   1.47599925  0.26914794]","[-2.72144241  2.44835522 -1.82431258 -5.94069521  1.6543762  -5.35545308
 -0.68128176  0.47824199 -0.37739218  7.88030902  0.28051471 -1.01641615]","[ 0.10962649  1.63053209  0.35196176  0.21835319  1.62241918  0.31650154
  0.27775305  1.79508244  0.47204591 -0.3817412   1.49439012  0.25080251]",17.18599772453308
[1.1144759  0.15256945],13.855154201163538,0.37254901960784315,0.5686274509803921,0.9019607843137255,0.2549019607843137,0.45098039215686275,0.803921568627451,"[ 2.99379034 -0.44762007 -1.57258282 -1.77096376 -0.05964548  0.49763638
 -0.38035008  1.78793756  0.08281253  1.38182554 -1.22118579 -0.29357734]","[-0.2463283   1.73650469  0.28485858 -0.46088655  1.45953568  0.74999977
 -0.21226608  1.61918291  0.41287272 -0.15058681  1.73487031  0.25      ]","[-0.36618874  0.81207398  1.66188298 -0.72858165  0.96014365  0.4426222
 -0.24646496 -0.9313331   0.13718538  1.10112559 -0.01762129  0.27815497]","[-0.28620035  1.76450275  0.34897152 -0.43448363  1.79999992  0.74998367
 -0.19983654  1.40000123  0.41851158 -0.13747392  1.79017837  0.27629591]",24.864559650421143
[6.0105369 0.0647118],17.504368077463045,0.5576923076923077,0.7692307692307693,0.9615384615384616,0.25,0.38461538461538464,0.6346153846153846,"[ 5.0460794   0.24277354  0.90689933  0.6605517   0.28143895 -0.33338127
 -0.94761865 -0.25601375 -1.57898702 -0.12196866  0.53256498  0.04347567]","[ 0.37972249  1.71198709  0.31894417 -0.04468316  1.79999976  0.25000018
  0.06257502  1.4000037   0.28339292 -0.26126122  1.59684741  0.52307966]","[ 7.89759349  7.36190763  5.91826438 -0.70681917  1.74156878 -2.74109803
 -1.59933475  0.1653397  -6.69059198 -0.04092833  1.06140953 -1.68992228]","[ 0.53558275  1.79999996  0.49631328 -0.07363926  1.79999969  0.25000004
  0.04580404  1.49492559  0.25000105 -0.24972422  1.79999938  0.36560304]",17.78584933280945
[1.24229795 0.22237973],17.210006825931536,0.45098039215686275,0.6666666666666666,0.9215686274509803,0.21568627450980393,0.29411764705882354,0.5490196078431373,"[-2.80685086 -0.20839222  0.13281549  2.28165257  0.10312891 -0.48565249
 -1.91271019 -1.21403137 -5.87827388  0.3925286   0.15967683  0.86641282]","[ 0.52493178  1.4039516   0.74983942 -0.36715243  1.48782017  0.38698844
  0.10465857  1.53501737  0.25       -0.30378048  1.8         0.38075508]","[-1.18535934 -1.70704149  0.17969898  2.67726422 -1.86057273 -0.8938025
 -0.81638653 -2.0637612  -5.88930657 -1.70289723  0.15535915  0.95483363]","[ 0.50455384  1.40000008  0.70484489 -0.33358406  1.41918873  0.36737563
  0.11666975  1.48108314  0.27597924 -0.42096591  1.7999999   0.74999617]",24.725627422332764
[1.25721195 0.17553489],12.378154911364453,0.52,0.7,0.98,0.54,0.82,0.98,"[-2.08362026 -0.36328971 -1.49248931 -1.22654119 -0.27325279 -0.94940283
 -0.10466167  0.0670158   0.18442938  0.07629168 -0.04296584 -0.19212572]","[0.06993344 1.76873663 0.28704861 0.18642125 1.4        0.47668588
 0.43774097 1.77753943 0.4309544  0.09232706 1.49564444 0.25      ]","[-2.09840205  0.01690681 -1.39469281 -1.14616292 -0.24818568 -1.03478589
 -0.66033097 -0.45117559 -0.23831572  0.41175782 -0.27526689  0.00338314]","[0.07838977 1.8        0.31947772 0.18657918 1.4        0.46159923
 0.38905169 1.73083811 0.3817841  0.10825874 1.40540086 0.27016697]",25.65619659423828
[2.71086581 0.10848819],15.366560309452474,0.5471698113207547,0.7547169811320755,0.9622641509433962,0.2830188679245283,0.39622641509433965,0.7924528301886793,"[-1.63398359 -1.1615246   0.36513025 -0.53781665 -1.60364552 -0.60467673
 -0.17252742  0.73001692 -0.62735611 -0.00850374 -0.12735785 -0.37754244]","[-0.51003052  1.42819129  0.61032155 -0.3884525   1.67848729  0.42446282
  0.04656821  1.8         0.26884126 -0.40161967  1.44250349  0.58452347]","[-13.34550507  -0.31687889   1.58705866  -1.33733572   0.08634407
   0.3506151   -0.23951501   6.36542133  -0.69371827   0.44325376
   1.45078263  -1.23306348]","[-0.62046344  1.4         0.74999991 -0.47163415  1.79999984  0.50478324
  0.05151457  1.8         0.25       -0.34264734  1.65643048  0.50311155]",25.376540184020996
[1.46526871 0.13277406],29.69049613991206,0.49019607843137253,0.7450980392156863,0.9607843137254902,0.5098039215686274,0.6666666666666666,0.8627450980392157,"[-0.85878043  0.16203712 -0.50004399 -0.26659851  0.47890224  0.31339356
 -0.86405652  0.00833483 -0.26802159 -0.7519301  -0.76310866 -0.69355676]","[ 0.54087496  1.69928507  0.63426319 -0.39184491  1.61975523  0.74999175
  0.02238875  1.7999998   0.25000536  0.60036354  1.71757266  0.32287609]","[ 0.75654998  3.41461277  0.72535708  0.20597535  0.60561363  0.3303614
  0.8901219   0.05400357 -2.65017177  1.63277213  0.85868543  1.77117239]","[ 0.63099077  1.7999603   0.71881891 -0.37081298  1.57243138  0.74918037
  0.05127912  1.79998855  0.25005365  0.76637026  1.79966267  0.42454459]",25.700276851654053
[1.7288797  0.12742695],15.474044066322705,0.4489795918367347,0.6326530612244898,0.9183673469387755,0.4897959183673469,0.5918367346938775,0.8367346938775511,"[-2.76239106e-01  1.39567221e-01  2.57461952e-01  3.17429429e+00
  1.45407505e+00 -2.32912419e+00  1.95417766e-01  3.08686321e-02
 -4.19755702e-01  2.97067047e-03  4.14760520e-01  8.92179145e-01]","[-0.37094924  1.44029066  0.74999999 -0.40265324  1.53665471  0.35890575
  0.07933644  1.56303671  0.39263375 -0.06808236  1.76791017  0.74774546]","[-0.72680864  0.46391608  0.24256799  0.54525011  0.02392187 -0.10435633
 -0.86310061 -0.52388597 -0.69413524  1.15059638 -0.70932786 -0.14185422]","[-0.38435532  1.48737817  0.75       -0.46846627  1.4921541   0.45191867
  0.04566564  1.4         0.25206959 -0.02336801  1.4         0.277822  ]",21.076597690582275
[1.44107803 0.19392781],26.047315022833534,0.5384615384615384,0.7115384615384616,0.9423076923076923,0.46153846153846156,0.6730769230769231,0.9230769230769231,"[-0.72953832  0.63358242 -0.34846903  0.56208026  0.96467826 -0.15758679
 -0.10497419 -1.23678261  0.01006459  3.06688192  2.6904068  -2.20760166]","[ 0.06568533  1.79999998  0.35210511 -0.25012367  1.61767488  0.29129689
  0.74938145  1.50484193  0.7112923  -0.44628596  1.55799312  0.35759168]","[-0.40289306  0.5426601   0.22094359 -0.88206536 -1.00578926  1.45514085
  0.28436646 -1.07501656  0.11552776  0.6598745  -0.0585624   0.12458838]","[ 0.06801458  1.8         0.40821671 -0.36088518  1.47395413  0.50498458
  0.79487819  1.44335522  0.74999803 -0.60911266  1.40000171  0.54033143]",21.221057415008545
[1.29403281 0.15581407],40.61614629643107,0.4807692307692308,0.6730769230769231,0.9038461538461539,0.38461538461538464,0.5576923076923077,0.8461538461538461,"[ 0.72939843 -0.29792598  0.3948792   0.45831533  0.25377038 -0.88294702
 -0.82391202  1.91202456 -2.81547185  3.6519091   0.98638126  0.58264802]","[0.38057429 1.51636284 0.70431429 0.18867942 1.69015418 0.35846588
 0.22902841 1.53086694 0.26541361 0.48386131 1.72531764 0.74999962]","[ 0.73839457  1.15735687  0.22399103  0.41050523  0.29966992 -2.07433213
  1.12310132 -0.25615466  0.68531054  2.81087337  0.74805738  0.52925987]","[0.35218644 1.64242565 0.64612709 0.18311258 1.68386592 0.31509429
 0.47465231 1.40002855 0.61216788 0.53257313 1.79969806 0.7450243 ]",20.772644519805908
[0.07350258 0.73245676],12.840919075792891,0.4897959183673469,0.6530612244897959,0.9591836734693877,0.9387755102040817,1.0,1.0,"[-4.96360458  0.06994561  0.62707656 -1.14223899  0.2821676   0.97221795
 -1.83669976 -0.58230263 -0.7093782  -0.1699657  -0.45367121 -0.7318767 ]","[-0.12247035  1.56877299  0.7499964  -0.27597256  1.58809666  0.47011277
  0.44776808  1.40000002  0.25000004 -0.12386909  1.40797292  0.38634049]","[ 0.17920204  0.48703473 -0.51031819 -0.14306228  0.23259207  0.34036763
 -0.60588401 -0.0188367  -0.0236416   0.44482865  0.63096347  0.31707326]","[-0.05322986  1.69529909  0.31068085 -0.19335061  1.63581216  0.39905358
  0.42730158  1.40000031  0.25006114 -0.02834667  1.65629007  0.69678748]",20.993987321853638
[6.98251365 0.08920222],26.635894302680125,0.3673469387755102,0.6122448979591837,0.9591836734693877,0.20408163265306123,0.30612244897959184,0.7755102040816326,"[-1.83028614e+00  4.82791558e-01 -2.07074287e-01 -1.14656926e+00
 -9.10538577e-01 -1.01367850e-01 -1.03087129e+00  1.03873932e+00
 -1.55614805e-03 -2.62313650e+00 -9.11053938e-01 -4.28578431e+00]","[-0.35505074  1.48829663  0.48466657  0.07999167  1.71563897  0.25867394
 -0.19620091  1.59512135  0.307885    0.04086289  1.54436663  0.25000001]","[-15.49398934  -0.18623321   4.46567382   2.2665651   -0.34060387
   1.09293629  -1.08962289  -0.10809365   0.61865453  -1.44729501
  -0.02538333  -0.45560113]","[-0.52832338  1.40004266  0.7499998   0.18301718  1.65728572  0.74999999
 -0.31014729  1.53534024  0.53441227  0.05301048  1.64095995  0.25000002]",17.33777403831482
[1.44738073 0.11367425],11.25205132282657,0.5961538461538461,0.7884615384615384,0.9807692307692307,0.23076923076923078,0.5192307692307693,0.75,"[-3.59650385 -0.09045608  0.44898496 -1.47600039 -0.61574307 -1.03551269
  2.29889643 -0.17891489 -1.74975765  0.70767386 -0.10125667 -0.16103038]","[ 0.27618839  1.73423111  0.27913641  0.30890861  1.71820161  0.53084024
 -0.28297686  1.6877021   0.4048818  -0.10852916  1.67973483  0.34403101]","[ 2.1508572   1.46784556  5.13131612 -0.09881871  0.0158977   0.03008327
  2.56749686  0.37023081 -2.36657111  4.02886805 -0.51224699 -0.24651718]","[ 0.35593673  1.79999985  0.41222492  0.44466191  1.79999997  0.7274343
 -0.29524616  1.79999978  0.39838537 -0.04389377  1.55582527  0.25000219]",17.12981343269348
[0.13432567 0.61507302],19.75881054776982,0.42,0.7,0.86,0.7,0.76,1.0,"[17.0846079  -0.71384155  0.61392246  2.64406846  0.09165101  0.49693392
  0.05669834 -0.66008326 -0.62689144 -2.85646497  0.32107704  0.34074045]","[ 0.6357248   1.61259082  0.74999911  0.16047838  1.79999998  0.74999993
  0.36436084  1.40000017  0.60150367 -0.47417107  1.79999998  0.74999981]","[ 8.01444651 -1.08346195  0.56178     0.27198253  0.1013739   0.35582488
 -0.72248876 -0.31640539 -0.95124984 -0.12181506  0.3006482   0.25923892]","[ 0.6071839   1.51225258  0.74999998  0.14126084  1.79999999  0.61550418
  0.24882901  1.50525968  0.39839506 -0.39926933  1.79999999  0.71938598]",13.261757850646973
[0.57306587 0.29280837],27.594364174675057,0.3673469387755102,0.6326530612244898,0.9183673469387755,0.5510204081632653,0.673469387755102,0.9183673469387755,"[-2.16416999 -0.35520666  0.71553011 -0.31651306 -1.15779535  0.30189692
 -0.85603917 -0.48670123 -0.22054735  0.7248037  -0.61441696 -1.37532708]","[-0.26947934  1.67417959  0.37264    -0.14264589  1.6372139   0.48456689
 -0.36170105  1.57181034  0.35062996 -0.25784394  1.40000002  0.42946182]","[-1.67366435 -0.89730702  0.26590513  3.69101911 -4.0733917  -1.55999209
 -0.14638606 -0.10547085 -1.27612516  1.21527042 -0.73077075 -2.49036639]","[-0.26857134  1.66458356  0.36316965 -0.07839066  1.57521619  0.25000076
 -0.33676133  1.5839967   0.30927803 -0.24595412  1.40000008  0.38290922]",16.93232774734497
[0.24506521 0.48964643],31.842583438887125,0.44,0.56,0.92,0.34,0.48,0.84,"[ 1.10803997  1.3992929  -0.58601069  0.4065532  -0.19110821 -0.60686052
 -1.0695931  -1.34203161 -0.84997637  2.76432623 -0.92618104 -1.49553109]","[-0.5369808   1.61272954  0.6102684   0.26359582  1.60618129  0.2727549
  0.03197475  1.56895479  0.25000767  0.02369049  1.40000018  0.25000017]","[12.87487228  2.12844126 -6.78570174  1.15042235  1.28393459  1.50644289
  1.13956437 -0.93593057  0.31280527 -0.06051098  0.31736789 -0.16344743]","[-0.53441788  1.62306178  0.60758958  0.29144527  1.64430888  0.37130149
  0.09226297  1.40029381  0.72732535 -0.04928739  1.79999972  0.64624702]",17.992156267166138
[5.37454315 0.08289991],18.08817052577029,0.42,0.66,0.94,0.36,0.5,0.8,"[ 1.66010903 -0.3964562  -0.83176033 -1.99535793 -2.54218214  0.33316226
  2.19078029  0.83351379  0.04014888 -3.1347863  -4.38243374 -0.23517586]","[-0.0077787   1.4000009   0.25000395  0.27018901  1.5294666   0.27217158
 -0.29957097  1.76311892  0.74984757  0.06434243  1.4000001   0.25000051]","[ -0.68609488  -4.54603333 -19.4355402    1.14941836  -0.91541223
   1.80802141   0.23595525  -0.0430481    0.04114196  -2.13587211
  -1.56400455  -0.27761714]","[-0.02227642  1.4         0.25        0.4649877   1.50293792  0.53558017
 -0.38023977  1.47689047  0.74997161  0.05973774  1.4         0.25      ]",18.296278953552246
[0.96464662 0.15929261],32.806840367988755,0.4807692307692308,0.6153846153846154,0.9230769230769231,0.3269230769230769,0.40384615384615385,0.5961538461538461,"[ 0.19355831 -0.02131917  0.37093923 -2.32627011 -3.02338938 -0.99859459
  0.09429362  0.03422255  0.31594283  1.54761143  1.10421068 -0.58340358]","[ 0.52553994  1.66621432  0.73977249  0.02794185  1.4         0.25
  0.16035958  1.79999999  0.59795117 -0.360941    1.78931845  0.26159878]","[ 0.04269639 -0.1070721   0.38233011 -2.22045334 -0.18882517 -0.95921261
 -0.7053459   0.05179742  0.01417454  0.7888995   0.59798137  0.60677398]","[ 0.50664347  1.65947292  0.74375261  0.02215283  1.61819768  0.25000057
  0.09431561  1.79999991  0.47205814 -0.37599511  1.78832428  0.30779761]",13.5895357131958
[0.38485659 0.38181   ],24.862190295234427,0.4528301886792453,0.660377358490566,0.9622641509433962,0.20754716981132076,0.2830188679245283,0.7358490566037735,"[ 0.69271736  0.29176824 -0.71328746  2.68334191  0.2277128   0.24706452
 -7.60482839  0.2275035  -1.41151466 -0.03964159 -1.53586393  0.56773202]","[ 0.6787224   1.53745431  0.51901951  0.49693146  1.75144284  0.74999998
  0.06879516  1.76707904  0.25000001 -0.16057085  1.54853786  0.29045389]","[ 0.13101171  0.50009583 -1.64496411 -0.73592715  0.92477489 -0.80860797
 -6.7171254   0.14385342 -7.93998641 -1.02028903 -1.56769445  1.19613699]","[ 0.65210119  1.54020332  0.49671131  0.35154304  1.75629071  0.5584313
  0.07359047  1.79988847  0.27098698 -0.23605281  1.46992472  0.39172906]",21.077779531478882
[0.29254729 0.56173081],11.663200152824622,0.46938775510204084,0.5918367346938775,0.9387755102040817,0.4489795918367347,0.6938775510204082,0.8979591836734694,"[ 1.63222182 -0.18633557  0.3387064   1.16130574 -0.05393509  0.37606912
  0.39241889  0.02529344 -0.45031905 -2.04870963  0.30628505  0.44313218]","[ 0.34984089  1.48233338  0.38106263  0.0942383   1.75013071  0.30699797
 -0.55187923  1.79999999  0.34632803 -0.74382008  1.68144122  0.74997477]","[ 2.68279399 -0.53965994  1.49360739  1.09006947  1.3380203  -0.31147058
  2.25580692  0.03647267 -2.03993932 -3.74838597 -0.37769691  0.5330128 ]","[ 0.36999643  1.47726064  0.40928136  0.07426496  1.79999995  0.25000007
 -0.50342485  1.8         0.31733255 -0.76965529  1.60246595  0.74999017]",20.75315523147583
[1.06147246 0.23519486],20.87254678788744,0.5471698113207547,0.7547169811320755,0.9622641509433962,0.4528301886792453,0.6792452830188679,0.9056603773584906,"[ 0.65788571  0.91574359  0.32308374 -0.11284517  0.77558862  0.22693881
 -0.65897708  0.01291946 -0.07712421 -0.85522591 -0.02198885 -0.34409102]","[ 0.22829703  1.67882185  0.74999402 -0.48369896  1.67674534  0.71561791
  0.48566908  1.41220426  0.41193661  0.28478219  1.4         0.47698626]","[-0.01275155  0.73204118  0.50217687 -1.50736844  0.09244463  0.43722409
 -0.98541504 -0.12955766  0.25865049 -0.62333586 -0.10201839 -0.03877607]","[ 0.21938245  1.66404486  0.74505682 -0.49927039  1.5912546   0.74999999
  0.49345791  1.40000001  0.42761835  0.30130183  1.4         0.51851507]",17.900832414627075
[0.99784865 0.25547983],11.727920082440281,0.42,0.62,1.0,0.44,0.7,1.0,"[-1.99920436  0.11425705 -7.6459016   5.31076785  0.66199223  0.33836552
 -0.43949656  1.38787052 -0.20439352  1.30762809 -0.88326224 -0.01903635]","[ 0.02172669  1.57385818  0.25        0.58518685  1.63779438  0.74999743
 -0.51374691  1.65867033  0.43072163  0.04501023  1.59007475  0.25      ]","[-1.74032062 -0.33782969 -0.62436811  0.24087894  0.83013254  0.10073455
 -0.36981863  0.62741656 -0.21452254  0.70423608  0.2293462  -0.01777927]","[ 0.02475412  1.53878851  0.25000042  0.47428179  1.77512644  0.61822721
 -0.50482841  1.63191472  0.43280958  0.03143026  1.76120376  0.25000037]",21.61622929573059
[0.59282928 0.28625624],14.937868522120578,0.5576923076923077,0.8269230769230769,0.9615384615384616,0.6923076923076923,0.8269230769230769,1.0,"[-1.85694876 -0.98976695 -1.64519572  1.12586249 -0.9318428  -1.77028634
  0.37989296 -0.02855211  0.83594286  0.24218765  0.45723903 -2.5849203 ]","[ 0.17247322  1.68535069  0.40568685 -0.28237558  1.54558666  0.39917532
  0.29332375  1.58954702  0.73919433 -0.09938269  1.63693536  0.25000002]","[-2.48342231 -1.79002863 -2.02637429  1.63790341 -1.58347938 -2.17038879
  1.40910584 -0.25068683  0.46937918  0.67454518 -0.17959231 -0.64843319]","[ 0.16432506  1.65647436  0.40148024 -0.26192954  1.50499274  0.38466994
  0.2804096   1.51227034  0.74989889 -0.09224291  1.5825722   0.25000007]",20.69222140312195
[0.30755137 0.34992134],19.82420481301494,0.43137254901960786,0.6274509803921569,0.9607843137254902,0.45098039215686275,0.6470588235294118,0.9019607843137255,"[-1.45134692 -0.49198569  0.645962    0.07145017 -0.24323075 -0.48668953
  0.13759273  0.58858496 -0.78580477  1.40630157  0.40001432  0.81975968]","[-0.38089811  1.59550191  0.43405403 -0.58086195  1.46110527  0.45701168
 -0.19681512  1.7501362   0.44289646  0.30248243  1.79999994  0.43981511]","[-1.68253536 -0.19736677  0.99872345 -0.33040405  0.05033757  0.16553521
 -0.16390814  0.73768877 -0.5235842   0.33601085  0.2296586   0.23275644]","[-0.39696615  1.59938663  0.45417801 -0.67238344  1.47927512  0.52550516
 -0.23120969  1.79999934  0.52247139  0.269383    1.75450265  0.4334296 ]",18.215129852294922
[0.11370634 0.49553792],22.78890845413686,0.4807692307692308,0.5961538461538461,0.9423076923076923,0.8461538461538461,0.9230769230769231,0.9807692307692307,"[ 1.42557448e+00 -8.48534975e-01 -3.77272122e+00  2.65295244e-01
  3.32544709e-01  1.95302858e-03 -1.14292079e-01  2.24077841e-01
 -5.19081295e-01  1.54337303e+00 -4.39941577e-01 -5.16957327e-01]","[-0.03402308  1.65007546  0.29334422  0.57537512  1.45463377  0.61222292
 -0.71213173  1.68649085  0.48980486 -0.16650083  1.482447    0.25447404]","[-0.21083258  0.18197712  0.05491627 -0.64899747  0.44276454 -0.86808742
 -0.22590208  0.3931449   0.29431032  1.49025847 -0.34020224 -0.66088405]","[-0.05810442  1.79880892  0.74973425  0.41695319  1.48023556  0.461101
 -0.9901863   1.79999952  0.65830555 -0.15663887  1.40213219  0.25      ]",17.64222764968872
[0.06878611 0.6197141 ],25.98645988149758,0.47058823529411764,0.6078431372549019,0.9019607843137255,0.9019607843137255,0.9215686274509803,1.0,"[ 5.62159021  1.13469356 -0.70523211  4.64303683 -1.02306742 -1.03658625
 10.4667205  -0.29005227 -3.17238237  1.46464279 -0.32573429  0.10628882]","[-0.01556734  1.8         0.25000004 -0.29453464  1.77645279  0.2716648
 -0.14831226  1.54374161  0.25000004 -0.09266727  1.40000002  0.74999929]","[ 1.65335936 -0.27369058 -0.73156052  3.41069805 -0.50453957 -0.14375862
  2.99127734  0.23940608 -0.71680137  1.05932275 -0.29478004  0.13105508]","[-0.01955118  1.40000001  0.250697   -0.25093904  1.77503219  0.25000004
 -0.10752367  1.62755114  0.2500001  -0.04491009  1.40000725  0.74999756]",21.90036153793335
