hyperparameter,loss_score,upper_bounds,lower_bounds,0.67std_percent_known,1std_percent_known,1.96std_percent_known,0.67std_percent_fit_rand,1std_percent_fit_rand,1.96std_percent_fit_rand,coeff_known_pull,coeff_known,coeff_GP_pull_rand,coeff_GP_rand,cpu_runtime,wall_runtime
[0.16962504 0.51723627],0.19605117545515877,0,0,0.4166666666666667,0.625,0.9166666666666666,0.9166666666666666,0.9583333333333334,1.0,"[-2.55559681  0.14543187  1.85529984  0.23901299  0.19637003 -0.51320557
 -8.10424573 -0.57937801  0.91591108 -1.95335321 -0.18927233 -1.33218537]","[-0.36463739  1.79994386  0.42397998 -0.31136079  1.57766342  0.45984316
 -0.96591172  1.40022693  0.74999915  0.09556522  1.53327829  0.28421396]","[ 0.25681012 -0.03124991  0.02730749  1.07725138 -0.8291532  -0.8831087
 -0.14631911 -0.38706372  0.25607132 -0.38213928 -0.08237767 -1.02036912]","[-0.26920631  1.73410261  0.36370058 -0.22192808  1.45799733  0.25137007
 -0.59930849  1.4         0.49037091  0.09207944  1.56097745  0.32644141]",3.454529762,3.607014107008581
[0.37490612 1.09888712],0.17024913649060566,1,1,0.3333333333333333,0.47619047619047616,1.0,0.5238095238095238,0.6666666666666666,1.0,"[-2.26987164  0.85147076 -1.51168079  1.45707942 -0.22454926 -0.70320629
 -4.70175952 -2.07596314 -0.48111859  2.31474452 -2.88390693 -4.71766078]","[ 0.1604749   1.48190201  0.39122076 -0.09282142  1.55466315  0.34431284
  0.14122694  1.60656712  0.25005708 -0.17178322  1.49724818  0.25000008]","[-0.19783199 -0.06013726  0.0631985   0.34681197 -0.50930627 -0.51496681
  0.24046537  0.00748826  0.73962323  2.14176993 -0.74176713 -0.60240223]","[ 0.19779174  1.40974795  0.54261829 -0.12164879  1.43667839  0.40439632
  0.34953161  1.7897401   0.69028369 -0.16945725  1.40000337  0.25000008]",3.8131461969999947,3.7700549629953457
[0.45354413 0.9196141 ],0.17055127452580315,2,2,0.3333333333333333,0.5238095238095238,0.9523809523809523,0.6666666666666666,0.7619047619047619,0.9523809523809523,"[ 5.17488413 -0.38257814  0.4737547   1.2763128   0.38942211 -0.57568219
 -0.25398875  0.32859799 -0.33447946  4.6921999   0.58543052 -1.48700293]","[ 0.3855116   1.45774143  0.74996211 -0.3422064   1.6725201   0.30038922
  0.1236093   1.65282946  0.34248143 -0.03509661  1.58536306  0.25000002]","[ 0.95454906 -0.37906423  0.42401861 -0.09987388  0.85423411  0.44388973
  0.73682442 -0.57274107  0.78359663  2.40741731  1.1165721   0.07816703]","[ 0.35498414  1.400005    0.70128395 -0.41645914  1.72663734  0.37963202
  0.20661421  1.40194807  0.72888609 -0.04369765  1.79994979  0.74724135]",4.170735814999993,4.058667241013609
[0.06831918 0.70376152],0.16473385100141286,3,3,0.5217391304347826,0.6521739130434783,0.9130434782608695,1.0,1.0,1.0,"[ 0.92104592 -1.05665143  0.07233281  1.02275824  0.64671584  1.21167211
  0.82096575 -0.11525152  0.73555672  8.19280724 -2.38650898 -0.97915919]","[ 0.08797418  1.43611396  0.74999997  0.51790494  1.67164423  0.4679723
  0.56808934  1.40000021  0.35568887 -0.1919118   1.62845097  0.25000751]","[-0.01135597  0.00269192  0.1103978   0.19125649 -0.62060977  0.82681741
 -0.53744681  0.67092186 -0.11143283  1.37727371  0.11262124 -1.38096434]","[ 0.06697906  1.79005498  0.74998966  0.65130451  1.40002381  0.53371577
  0.26847704  1.63235113  0.29031546 -0.10602728  1.79999443  0.25044019]",3.788746197000009,3.762432104005711
[0.36830477 0.4518272 ],0.1646989489614613,4,4,0.5384615384615384,0.6923076923076923,0.9615384615384616,0.6923076923076923,0.8076923076923077,1.0,"[-0.88946894  0.19128351 -0.16191602  0.76676247  0.24506535  0.80453306
 -1.53943782  0.13634808 -0.18969817  0.85372111 -1.54085336  0.54422319]","[0.04475339 1.58658483 0.25170477 0.28965083 1.57870257 0.41174776
 0.16954749 1.44036601 0.25000001 0.23531859 1.41348475 0.74655482]","[ 0.19213681  0.78582244 -1.51769311  0.12715302 -0.17349088  0.4070511
  0.30608033 -0.11471658  0.2833797  -0.14005843 -0.99929828 -0.67434014]","[0.05899204 1.64978974 0.25       0.24176341 1.50320946 0.40887823
 0.27193049 1.40000012 0.3864772  0.08368569 1.40000006 0.33643604]",3.8229783360000056,3.748667915991973
[0.07573139 0.88056277],0.19805346203336066,5,5,0.3103448275862069,0.5517241379310345,1.0,0.9655172413793104,0.9655172413793104,1.0,"[-1.09917022  0.4808369   1.18383274 -1.65936006 -0.05634777 -0.94470559
 -0.97975914 -0.24660133 -1.71053106 -1.00938496 -1.46788589 -1.00038152]","[-0.59193339  1.62205109  0.54191127  0.06365635  1.40000031  0.34548254
  0.33850164  1.58473465  0.41417552  0.58100406  1.49144281  0.36305607]","[ 1.17859791 -0.35804859 -0.21562591 -1.19481856 -0.09012026 -0.71420565
  0.37823742  0.25741246  0.27147436 -3.35173271 -1.40101645 -0.5680752 ]","[-0.43856457  1.55487319  0.44411844  0.03316682  1.40064557  0.25318956
  0.62602358  1.68451679  0.74699527  0.36733198  1.43289214  0.25003262]",3.858422719999993,3.8774362429976463
[0.0776665  1.20939938],0.15017208689323958,6,6,0.42857142857142855,0.6428571428571429,0.8928571428571429,0.9642857142857143,1.0,1.0,"[ 0.91438306 -0.01842094 -0.39291557  0.54113526  1.04988054 -0.70117664
  1.92515936  1.37968561 -1.19712678  0.02119966 -0.35028487 -0.07936726]","[-0.16900787  1.68024907  0.44200142  0.09613519  1.7999887   0.40718178
 -0.14768486  1.52015801  0.25       -0.15560887  1.41101028  0.25000077]","[ 0.43716101  0.35617006 -0.24415892 -0.04395338  0.95585857  0.49092278
  0.01129375  0.09113856  1.06379073  0.39074054 -0.08911815 -0.01119241]","[-0.16511466  1.79999187  0.41926478  0.06299726  1.75182398  0.74882603
 -0.18820957  1.47948528  0.74269581 -0.09750666  1.40710047  0.27346299]",4.061135927999999,3.8884827939909883
[0.65985298 1.49708415],0.23657276130998978,7,7,0.4583333333333333,0.625,1.0,0.4166666666666667,0.5416666666666666,0.9583333333333334,"[ 0.4955431  -0.17716283 -0.00895423 -4.52752241  0.58284156  0.75455211
  0.25348417  1.18888266  0.44830004 -0.81578583  1.34664804 -0.23385   ]","[ 0.31806019  1.40005504  0.63670152 -0.48825439  1.75872643  0.74999585
 -0.42791652  1.50689264  0.42154609 -0.05865541  1.76860242  0.25000005]","[-0.3771546  -0.80658147 -1.17614609 -5.77123716  0.1959445   0.82553574
 -3.31643803  0.69800107  1.24621099  0.78214439  0.59243556 -0.19660643]","[ 0.27044066  1.41987324  0.51315757 -0.42970382  1.59960065  0.74999696
 -0.67471437  1.53850745  0.74967112 -0.01621808  1.57008324  0.25      ]",3.230526690000005,3.572423125995556
[0.0265981  1.54976502],0.15029750089810165,8,8,0.5714285714285714,0.8928571428571429,1.0,1.0,1.0,1.0,"[ 2.27020818 -1.71407083 -2.21698368 -0.91208812  0.28275044  0.51239614
 -0.02656857  0.59603311 -0.0957717  -0.11936568  1.0794672  -0.27699811]","[-0.11311942  1.59218307  0.36384501 -0.54947506  1.67648814  0.40354151
  0.02850551  1.76171942  0.25        0.05086656  1.76642898  0.34307694]","[ 1.74698309 -1.26258803 -0.98167113  0.21246694 -0.60574863  0.31441956
  0.17115007  0.71446157  0.3171883   0.64602415  1.00084586  0.71357544]","[-0.0390542   1.40419855  0.2510737  -0.36764879  1.41747255  0.43428096
  0.08870735  1.79866816  0.36350186  0.36138536  1.76594699  0.73960603]",3.747690017999986,3.744770435994724
[0.57562019 0.36933293],0.1532723385162092,9,9,0.2962962962962963,0.4444444444444444,0.8888888888888888,0.48148148148148145,0.7037037037037037,0.9259259259259259,"[ 0.23554194 -0.42080621  0.16396063  0.03027261 -0.18930868 -0.08683138
  0.61598821  0.10959092  0.33583522  0.17218306 -0.3007696   0.07909886]","[ 0.49174927  1.56469052  0.74238621 -0.79961914  1.40774938  0.58751746
  0.5597124   1.52328128  0.52069295  0.4009206   1.48911211  0.39095022]","[-1.16041027 -0.52742348 -1.40976016  1.36874774 -0.25692286 -2.80833117
 -0.35809261  0.73847388 -1.84857866 -0.26874148  1.31421044 -0.02804925]","[ 0.3497722   1.57655299  0.4902795  -0.70300794  1.40004109  0.42322636
  0.40078139  1.55109801  0.31731609  0.34363801  1.68654744  0.37432884]",3.7961859030000085,3.734360624002875
[0.02489915 1.01751921],0.16053560086974067,10,10,0.52,0.6,0.96,1.0,1.0,1.0,"[-0.72970651 -0.14268669  0.4111579   1.40064854  1.12471231 -0.71270755
 -1.04276299 -3.6043985  -1.51218934  0.62653657  0.3752199  -0.54330181]","[-0.49444288  1.51989669  0.70831125  0.12926182  1.73020162  0.26843543
  0.43416631  1.60807347  0.27945316  0.23845341  1.69699866  0.25039029]","[ 0.16693667 -0.44207294  0.43376251  0.11737901 -0.3597643  -0.7361421
 -0.23362284 -0.79080609 -0.19428896  0.20629469 -1.17529135  0.62033376]","[-0.28856271  1.40000014  0.71982154  0.10825852  1.50284514  0.25
  0.37843813  1.4         0.25000003  0.54932229  1.40016282  0.73700141]",3.540794606999981,3.5794720310077537
[0.28652085 1.35238541],0.15525068559868357,11,11,0.6538461538461539,0.8846153846153846,1.0,0.8846153846153846,0.9615384615384616,1.0,"[-0.58575388  0.32564442  0.70739075  0.34611186 -1.6229983   0.13193438
 -1.73856628 -1.04774261 -2.09223584  0.02982953 -0.88411046 -0.26317001]","[-0.24075047  1.46721552  0.33909398  0.42030103  1.62994681  0.30084774
  0.27964048  1.66224282  0.36520556  0.10234806  1.40000088  0.25002647]","[-0.18484604  0.40682198  0.2917353  -0.073337    0.15834405 -0.07710786
 -1.88108388 -0.20988156 -0.60259304  0.09449874 -1.17332732  1.47328074]","[-0.24566749  1.50094354  0.35509425  0.4039274   1.67774641  0.29297289
  0.1944262   1.67530568  0.25039765  0.12148781  1.40024797  0.74663127]",4.174808460999998,4.085813016004977
[0.10615216 1.1523309 ],0.1583177476456181,12,12,0.76,0.8,1.0,0.96,1.0,1.0,"[-0.1673716  -0.4123776  -0.08401157  0.15073772 -0.17904246  0.0261089
 -0.19801112  0.73944179 -0.54828619 -1.29387839 -1.54787592 -0.34962487]","[ 0.39071929  1.75739786  0.48809291  0.36099893  1.40000145  0.55538476
 -0.07867072  1.79987762  0.36172247  0.21060136  1.61041234  0.27280729]","[-0.3354237  -0.2537061  -0.32473223 -0.07068108 -0.15271633  0.07067656
 -0.1491688   0.62167112 -0.55496512 -1.48208425 -0.81727562 -0.32282612]","[ 0.29975651  1.70611038  0.39971916  0.22384841  1.40003849  0.57227664
 -0.14463705  1.79999611  0.36051515  0.0747071   1.53101106  0.25000027]",3.67130621900003,3.6940969209972536
[0.41042654 0.65086101],0.16124458484614554,13,13,0.5833333333333334,0.6666666666666666,0.9583333333333334,0.5833333333333334,0.75,0.8333333333333334,"[-2.82799393  0.20408852  0.3497919   1.58023182  0.56699928  0.35302513
 -2.19697559 -0.96244309 -0.48835397 -0.17142864 -1.40981825 -0.47045801]","[-0.17679891  1.57764359  0.74999996  0.92280989  1.75300121  0.74997613
 -0.03927667  1.40652158  0.25       -0.99999519  1.66465275  0.48582741]","[-1.49410734  0.63902497  0.32519122 -0.24276202  3.42752773 -0.34893633
 -0.47144813 -0.76691872 -0.10095854 -0.02399054 -1.89438709  0.32256245]","[-0.17602832  1.7577561   0.74999801  0.75316818  1.79999995  0.55943617
 -0.05297048  1.51316439  0.41179197 -0.99999996  1.5771452   0.51077203]",3.340993843000035,3.5797016190044815
[0.59609553 0.87784433],0.16134054368623713,14,14,0.4166666666666667,0.8333333333333334,0.9583333333333334,0.3333333333333333,0.5,0.9166666666666666,"[-0.11868474  0.50892018  0.03184707 -3.48900463  0.49128162  0.33611159
  0.6361414  -0.54407966  0.48239094 -2.27958381  0.49824217 -3.83961928]","[-0.21636898  1.74886504  0.5475992  -0.74591578  1.70823916  0.74999991
  0.23236596  1.40532145  0.74999992  0.44301767  1.47875282  0.35916833]","[ 0.56313342  0.25753955 -1.03083284 -3.08766242  0.38656677  0.42655733
 -0.93630562 -0.36137908 -0.18904308 -1.32180209 -0.20171181 -1.82227768]","[-0.19012884  1.79741928  0.44706755 -0.75645053  1.782345    0.74999996
  0.11979608  1.50125955  0.44739658  0.51942429  1.4         0.46318709]",3.7452200380000136,3.7107228500099154
[0.2564219  0.76133912],0.15832897104917742,15,15,0.44,0.68,0.92,0.84,0.88,1.0,"[ 0.28767611  0.08707444 -0.40789412 -0.07740442 -0.87002389 -0.31446647
  0.55051482 -0.02048066 -0.75176922 -2.35698332  0.45088391 -3.09183402]","[-0.47709944  1.78368945  0.66210576  0.17173678  1.52319824  0.55880778
 -0.04839325  1.73182136  0.25949274  0.37624361  1.50902982  0.3164575 ]","[-1.24898756  0.0556199   0.05347699 -2.29751961 -1.11037864 -1.15753157
 -0.42225949 -1.48514269 -0.32118848 -3.00585504  1.24111379 -0.89782832]","[-0.55951946  1.78563625  0.74998245  0.09297528  1.59004769  0.25000007
 -0.10918245  1.40001759  0.44984314  0.28524988  1.55135258  0.27510301]",3.6253923920000375,3.6280128929938655
[0.19615576 0.82151929],0.15331873991851694,16,16,0.5555555555555556,0.7037037037037037,0.9259259259259259,0.7777777777777778,0.8888888888888888,1.0,"[ 0.32422068  0.68975325 -0.20829159  0.09717014 -0.9137429  -0.12098343
  0.08632908  0.65492291  0.02196211 -0.21234242  0.28104714  0.97945193]","[-0.25475959  1.56300219  0.59094422 -0.39714676  1.58910862  0.50391613
  0.30550277  1.52875488  0.48564988 -0.21190859  1.8         0.71758702]","[ 0.23137033  0.59332532 -0.34577493 -0.41359197  0.66686947  0.7809112
 -0.11567906  0.34086421 -0.19439622 -0.12501561  0.3740248   1.11898295]","[-0.2407477   1.59542832  0.53881596 -0.58795974  1.7994316   0.72599372
  0.26241555  1.54634212  0.41696485 -0.21271469  1.79999444  0.62105074]",4.08322062000002,4.066904553008499
[0.09965044 0.8127279 ],0.14424632691748815,17,17,0.6129032258064516,0.7419354838709677,0.9354838709677419,0.967741935483871,1.0,1.0,"[ 1.17872024  0.4490887   0.7486603  -3.56276323 -0.41308347 -3.29319623
  0.56154021  0.96852765 -0.00482001 -2.95307114 -0.3933717  -1.00294166]","[0.28873371 1.77562413 0.3855153  0.07975843 1.40002411 0.32789617
 0.03625144 1.79999992 0.25011808 0.26013964 1.40000012 0.25000022]","[ 0.34913783  0.00945903  0.27090194 -0.6970925  -0.47538919 -0.12857262
  0.33565156  0.60837116  1.15400782 -0.7655477  -0.08942505 -0.16897564]","[0.30451914 1.76012484 0.43668793 0.06051938 1.40065641 0.65550188
 0.09637567 1.71435618 0.7498184  0.23058999 1.40000735 0.25002385]",4.152773624999952,4.304329253005562
[0.01483365 0.50534277],0.19484645931002714,18,18,0.5483870967741935,0.6774193548387096,1.0,1.0,1.0,1.0,"[ 0.27784612 -0.50664628  0.16087319  0.15135264 -0.76670949  0.07902849
 -0.33682388  0.11312148 -1.09691708 -0.53675903 -0.793565   -2.01173325]","[ 0.35734006  1.47114471  0.27254411 -0.04149502  1.40000577  0.74992675
  0.26780382  1.79999614  0.36906708  0.14983066  1.40000001  0.36102155]","[ 0.00640351 -0.23144617  1.16696929  1.32235083  0.5705657  -1.1253585
  0.47842598  0.12501893  0.75335127  0.07241065  0.16490283  0.20175085]","[0.3541207  1.40007662 0.74708717 0.18071976 1.76076886 0.25068119
 0.56585273 1.79946809 0.66985649 0.24464939 1.65767932 0.74991003]",3.522754955000039,3.6495843370066723
[0.39946005 0.40422049],0.1464821335762095,19,19,0.26666666666666666,0.5333333333333333,0.9666666666666667,0.6333333333333333,0.7333333333333333,1.0,"[ 0.76030886  0.14603907  0.58418678 -2.26432116  0.03615127 -1.58810337
  0.33889168 -1.00796672 -0.33029582 -8.39677096  0.34294051 -6.07560498]","[ 0.07534735  1.79999997  0.45001318  0.16233939  1.74199189  0.28698014
 -0.37762311  1.53961021  0.51860807  0.11266994  1.67123778  0.25      ]","[-0.54314141 -1.46343321 -0.24041444 -2.95270102  0.23114696 -1.94794342
 -1.14160985 -0.63819823  0.30903232 -7.13531682  1.50615618 -0.93819278]","[ 0.05004122  1.67332056  0.25379568  0.17717679  1.8         0.25
 -0.50751854  1.40000001  0.74979355  0.12618842  1.75068554  0.25000111]",4.260301292000008,4.266721313004382
[0.27854135 1.00811937],0.16422293066444804,20,20,0.6086956521739131,0.782608695652174,0.9130434782608695,0.6521739130434783,0.7391304347826086,0.9130434782608695,"[ 0.10354787 -0.55250686 -0.66397372  0.45781653  0.05794479  0.43237421
 -0.21247503 -1.04195194 -0.06305501  0.34248235 -0.28398997 -0.21046542]","[-0.14559147  1.40000058  0.47793792  0.52784911  1.79999982  0.59028475
 -0.43269067  1.66095336  0.32879041 -0.77747227  1.69781398  0.47747536]","[ 1.78704076e+00 -5.31406348e-01 -9.65662976e-01 -4.13113250e-03
 -3.03887574e+00 -1.00720426e-01 -1.30019685e-01  1.90518579e-01
  1.12231958e-01  1.47792673e+01 -3.79201166e+00 -8.22028062e-01]","[-0.09410719  1.40001224  0.42095143  0.4293277   1.51552338  0.40932898
 -0.43554701  1.79131731  0.34953265 -0.34303647  1.59650539  0.25043994]",3.6304615669999976,3.6266476739983773
[0.55993177 0.67357516],0.18430248978541083,21,21,0.5185185185185185,0.7407407407407407,0.9259259259259259,0.48148148148148145,0.5925925925925926,0.9259259259259259,"[ 0.14905489 -0.04012757 -0.62965003  0.2801115   1.48436122 -0.36018873
  2.80382695  1.02533654 -0.13164651  0.67660183 -1.17333166  0.15991542]","[-0.02307884  1.70130077  0.5438691  -0.40493429  1.44106701  0.31146728
 -0.2561815   1.72628211  0.25        0.21003883  1.40000002  0.34390805]","[ 0.85437913 -0.89305658  0.09317706  0.46588887  2.9056833  -1.20342245
  0.60572415  1.2171428  -0.19780522  0.23573073 -0.30959123 -0.05120662]","[-0.02261014  1.40000826  0.74988715 -0.4047849   1.45624033  0.29341445
 -0.28452031  1.75953703  0.29620124  0.16775491  1.40000019  0.31526149]",3.718962256999987,3.7564675329922466
[0.43836122 0.43366228],0.14829595503180426,22,22,0.5172413793103449,0.6206896551724138,0.9310344827586207,0.5172413793103449,0.8620689655172413,0.9655172413793104,"[ 0.83079185 -0.3220559  -1.16064014  0.63260366  1.42520075 -1.25440225
 -0.79781632 -0.17437004 -0.7560144   0.32776841 -0.79568897  0.53447658]","[-0.43561456  1.40015048  0.54829316 -0.30703864  1.57920438  0.26023337
  0.24646883  1.73615753  0.37019223  0.69818059  1.41471884  0.27208462]","[-1.19794447 -0.20974821  0.79199373  0.16464428  0.65763128 -0.73982512
 -0.38650832 -0.09260976 -0.56166638  0.43804886 -0.71372303  0.78943084]","[-0.59016996  1.40632153  0.72808671 -0.32001984  1.55597184  0.28242541
  0.29168147  1.76270545  0.49647597  0.7031834   1.42708316  0.27818232]",3.4635705290000374,3.715383965987712
[0.33129479 1.28352493],0.15544272729340144,23,23,0.6153846153846154,0.7692307692307693,0.9230769230769231,0.5769230769230769,0.7692307692307693,0.9615384615384616,"[ 0.30654298 -0.27035309 -0.81518188  4.37709491 -3.32163453 -0.81571758
 -1.43461855 -0.19213814 -0.33879661  1.91067693 -3.31333777 -0.55398916]","[-0.30772965  1.66645573  0.41320622 -0.19097222  1.64115594  0.25018748
  0.03032908  1.53872491  0.25000003 -0.28007034  1.63948745  0.25000188]","[ 0.5520269  -0.39036538 -1.40399109  2.44473383 -1.30247214 -1.11175799
 -0.22741625  0.60977754  0.72661627  2.16756509 -1.11811495 -0.67096236]","[-0.29856908  1.66292043  0.3906922  -0.14047308  1.62603735  0.33531095
  0.03750957  1.79973813  0.72792406 -0.19377286  1.63609253  0.34530757]",3.6329751460000352,3.854554912992171
[0.32789921 1.04043774],0.16163368417858304,24,24,0.4166666666666667,0.6666666666666666,1.0,0.4583333333333333,0.5833333333333334,0.9583333333333334,"[-0.04442212 -0.06110722 -0.43347521 -0.01489468 -2.50449481 -0.36094404
 -7.56440611  0.86947606 -1.40653211  0.51902652 -0.9756521  -4.41970407]","[-0.21028359  1.6799326   0.48946626 -0.34930545  1.58622563  0.33580872
  0.08372713  1.79637642  0.25000069 -0.27509741  1.43786674  0.25000021]","[-0.41797704  0.17853747  0.31810476  1.89049544 -0.53359389 -1.43157572
 -7.4030746   1.83465029 -1.46334817  2.90605513 -0.41599183 -3.18065646]","[-0.28576539  1.75080193  0.67979154 -0.2664272   1.67059076  0.2838204
  0.0806742   1.70211864  0.25053412 -0.1874494   1.46343178  0.25025864]",3.9878528510000137,3.790165758007788
[0.49889815 1.30889525],0.16124148987053769,25,25,0.5,0.7083333333333334,0.9583333333333334,0.2916666666666667,0.5,0.9166666666666666,"[-1.56076433 -0.29815752 -1.88740381  0.27944445 -0.24941148  0.29834105
 -0.02258225  1.35095075 -0.03236594 -0.17857007  0.57618756 -0.24220602]","[ 0.41906311  1.76596949  0.46100567  0.49393008  1.45787979  0.50127096
  0.37451608  1.58365694  0.47868397 -0.25155522  1.79614957  0.37342396]","[-3.33795235  0.06478851 -3.00720681  1.85490057 -0.30666633  1.05298928
  0.10519636  0.16468665  0.10476067  2.65275969  1.53426235 -1.93715381]","[ 0.40402193  1.79999971  0.46701801  0.7375154   1.40000006  0.67836865
  0.40167229  1.48147295  0.52985812 -0.12424537  1.72993502  0.26828399]",3.4518071029999646,3.6389605160075007
[0.55819621 1.269602  ],0.17436242697000184,26,26,0.65,0.8,1.0,0.65,0.8,1.0,"[ 0.66565203  0.29835174 -0.39971095  0.15559392 -0.06767708 -0.10689196
  3.70983736  0.06316162 -3.72318906  0.1310485  -0.03912741 -0.14908533]","[-0.1942572   1.69761797  0.36247536  0.10588117  1.40170491  0.25439041
 -0.03350847  1.64048726  0.25000001  0.34078317  1.43123823  0.38813702]","[ 0.84164028  0.31255257 -0.59276401 -1.15961459  0.42277486 -0.10652084
  5.78084556  0.12896834 -1.06534894  0.28105353 -0.14455711  0.69818071]","[-0.19501088  1.69562597  0.35909828  0.06853239  1.4674441   0.25000001
 -0.02800121  1.6620072   0.25000002  0.36235552  1.40000016  0.67861325]",3.621869836000087,3.525979441998061
[0.34939806 1.26913077],0.17441798226145294,27,27,0.35,0.55,0.95,0.4,0.55,0.7,"[-5.12179068 -0.90237109  0.39740331 -1.24551465 -0.50585908  0.60018074
  2.2502221  -0.04760588 -1.05737693  0.02244177 -0.91647625  0.60047778]","[-0.4687253   1.51122815  0.74988198 -0.24954679  1.40000213  0.7499949
 -0.03186156  1.40000011  0.25000025 -0.36602711  1.53400877  0.45478813]","[-3.16767995 -0.95348288  0.5124652   4.68832329 -0.58914518 -0.52940354
  0.18377295 -0.05640949 -1.31696264  7.62737275 -0.74066783 -0.17560964]","[-0.50981511  1.51319242  0.74609503 -0.02843361  1.40001072  0.2501339
 -0.08418178  1.40003695  0.25010242 -0.12464622  1.59301508  0.25006107]",3.7792531530000133,3.670298349999939
[0.43012306 1.64701643],0.17026816734545733,28,28,0.5238095238095238,0.7142857142857143,1.0,0.6190476190476191,0.8095238095238095,1.0,"[ 1.54417341 -0.54376663 -1.57747487  0.48459733 -0.16530661  0.2336019
  0.20546244 -0.29958916  0.12023357  1.12751623 -0.5226052  -0.30494112]","[-0.25092514  1.48030534  0.47388971  0.45787438  1.40000049  0.63163158
  0.26408696  1.40000021  0.70112964  0.02640515  1.40000006  0.25      ]","[ 1.83755924 -0.54566083 -1.90819013  0.24535202 -0.12490287  0.25905287
 -0.08502956 -0.29903321 -0.41820452  0.07257003 -0.41572547  1.48058849]","[-0.23393753  1.48839486  0.42743458  0.45168189  1.40000131  0.67873441
  0.19590961  1.40118676  0.51452286 -0.00453223  1.4004367   0.74358681]",3.5726428549999127,3.508301000998472
[0.265133  0.9175559],0.1483634975995959,29,29,0.5172413793103449,0.6551724137931034,0.9310344827586207,0.6896551724137931,0.896551724137931,1.0,"[ 0.09424892 -0.1446915  -0.53538871 -5.07926498  3.06159644 -4.43619575
  0.624388   -1.23186461  0.66998785 -9.26581594  2.90425002 -7.75895777]","[-0.28139574  1.69791393  0.3624395   0.27334461  1.62484887  0.31624996
  0.7981714   1.50981455  0.55577264  0.21966769  1.7434982   0.25000008]","[-0.23368855 -0.36105996  0.03849199 -2.08630785  1.11604037 -1.61046621
  0.12019412 -0.98889061  0.16306743 -2.26637448  0.50742453 -0.76806427]","[-0.29967785  1.68200407  0.39025745  0.26617414  1.59218908  0.33896155
  0.68049773  1.55496553  0.47633646  0.21353269  1.79999834  0.36302855]",3.6458465119999346,3.7182905719964765
[0.05013222 1.03116326],0.16148697725597064,30,30,0.4166666666666667,0.5416666666666666,0.9583333333333334,0.9583333333333334,0.9583333333333334,0.9583333333333334,"[-1.35892406 -0.63122659  0.79092285  0.48727778  1.73821388 -1.01610039
  2.33836572  1.00204414 -2.03957027 -0.69878396  0.48572212 -0.76258921]","[-0.56142187  1.42132077  0.32066029 -0.07944699  1.62745956  0.25016451
 -0.23528978  1.46225098  0.25000021 -0.3070118   1.63137366  0.39564903]","[ 0.23096421  0.39058714  0.0504491   0.29340532  0.24289563  0.09961279
  0.51425994  0.53524156 -0.13497754  0.21338261  0.17043905  0.59056083]","[-0.46516707  1.48236093  0.31405753  0.34831197  1.50558948  0.73972349
 -0.08596918  1.55047915  0.25106465 -0.07726198  1.63275799  0.74968857]",3.7538673069999504,3.730831755005056
[0.19703908 0.93973702],0.17184955591378426,31,31,0.25925925925925924,0.5185185185185185,1.0,0.7037037037037037,0.8148148148148148,1.0,"[ 0.08353131  0.48891851 -0.93388038 -0.04843146 -0.20165791 -0.0131075
 -1.33816756  0.89877039 -0.51771182  0.2574453   0.15201036 -0.50970035]","[-0.10697336  1.79999856  0.50406037  0.64163258  1.47541647  0.61220133
 -0.04417305  1.76675333  0.25000001 -0.13053665  1.78963602  0.28832071]","[ 0.28777028  0.12052845 -0.67897232 -0.90015141  1.17507542 -0.53579611
 -1.70219486  0.63466549 -0.50657346 -0.9493418   0.13072344  0.51953641]","[-0.09405806  1.6222504   0.40743173  0.45244839  1.62455456  0.4357663
 -0.0644741   1.55387084  0.25000387 -0.27857391  1.79999722  0.74995276]",3.7369586290000143,3.768653353996342
[0.34284107 0.29770669],0.2251401486031247,32,32,0.52,0.68,0.96,0.68,0.8,1.0,"[ 0.02753132 -0.89002068  0.30554732  0.35251081  0.42685528 -0.61476337
 -0.10910571  0.27133753 -0.19770532  1.61806806  0.16704486 -0.97147121]","[ 0.18327243  1.56390505  0.52917808 -0.21899801  1.69528424  0.40047339
 -0.56464741  1.58238107  0.38191467 -0.04631399  1.79999985  0.25000112]","[-0.29379724 -0.27089834 -0.1841433   0.05293484  0.67965774 -0.51552328
 -0.30050216 -0.17705926  0.0647419   1.01549528  0.14319181 -0.7176168 ]","[ 0.13903606  1.64643374  0.37743164 -0.25551896  1.79217113  0.43904638
 -0.66200183  1.5448284   0.42715871 -0.04070152  1.7999705   0.25      ]",3.9618317250000246,3.8768654110026546
[0.42891228 0.36911808],0.15055591892670048,33,33,0.39285714285714285,0.6071428571428571,0.8928571428571429,0.42857142857142855,0.6428571428571429,0.8928571428571429,"[ 1.51301889 -0.18733155  0.30788528  2.12891939  1.07837125 -1.01326553
  1.29613397  0.46110968 -1.12685348 -1.47353629 -1.116931    0.68603488]","[ 0.44067137  1.59195263  0.74326404  0.0056674   1.79995626  0.25002729
 -0.68923906  1.79999993  0.5818656  -0.44132508  1.47583215  0.74999723]","[-0.62682255 -0.56244439 -0.71658392  2.78271604  1.30977021 -1.07430075
  3.61856867  0.46916174 -2.77037463  1.7142067  -4.54018418 -1.01677186]","[ 0.28586613  1.56718626  0.48947672  0.05233754  1.79999998  0.25000094
 -0.51134508  1.79999987  0.43074932 -0.18781083  1.40000002  0.34204935]",3.6808086180000146,3.7993479940050747
[0.34764033 0.48437048],0.19607467760791433,34,34,0.30434782608695654,0.5652173913043478,0.9565217391304348,0.782608695652174,0.8695652173913043,0.9565217391304348,"[-0.21715627 -0.01607535 -0.5637321   0.95428698 -1.34192509  0.1728778
 -3.38784508 -0.02938408 -0.71373787  4.52549812  0.09771439 -2.44994207]","[-0.10009964  1.42160983  0.37947095 -0.57992546  1.40043358  0.74999998
 -0.03205769  1.40000008  0.250001   -0.29110546  1.73652364  0.32095789]","[-0.18008239  0.12712567  0.05931011  1.25919373 -0.85467431  0.26207025
 -1.41581185  0.84932657 -0.82663905  2.5990116  -0.04405281 -1.57943108]","[-0.11465623  1.47355501  0.48536258 -0.48548305  1.40000047  0.7496049
 -0.01173712  1.66894931  0.25000016 -0.24952211  1.72646741  0.32369554]",3.687942152000005,3.688203491998138
[0.56575985 0.5571402 ],0.15045575181722534,35,35,0.5,0.75,0.9285714285714286,0.4642857142857143,0.6785714285714286,1.0,"[-0.24811769 -2.1828243  -0.76009577 -1.96544797 -1.20573443 -1.64892972
  0.09098429 -0.53539027 -1.06523086  2.10016826  0.26747929 -0.40529391]","[ 0.23040155  1.60250713  0.31699981  0.37849764  1.67262237  0.41815367
  0.27774289  1.40000029  0.4562691  -0.08511988  1.77776162  0.25000464]","[-0.47116568 -1.81108179 -1.01319019 -0.83782747 -0.4347318  -0.85217422
  0.09593386 -0.44951115 -0.74483076  1.02499435 -0.10605807 -0.3713346 ]","[ 0.22639737  1.6087696   0.31092494  0.41242078  1.72422392  0.45666711
  0.27745833  1.40000003  0.49459302 -0.07898816  1.66843326  0.28472688]",3.3652716660000124,3.6144074339972576
[0.30542092 1.43733308],0.17728738792260154,36,36,0.47368421052631576,0.631578947368421,0.9473684210526315,0.47368421052631576,0.6842105263157895,0.9473684210526315,"[-5.02887    -0.38423311  0.65113302 -6.09397343  0.86728873 -4.01617012
  1.13337208  0.30785557 -0.35121642 -0.66581709  0.04064345  0.06596582]","[-0.48615206  1.41320519  0.74992277  0.09320662  1.67533207  0.25000066
 -0.40000557  1.45331344  0.25       -0.42073098  1.79999992  0.48292736]","[ 0.04716109  0.01677859  0.03355628 -1.68300623  0.5981811  -1.2225861
  1.92812411  1.19622995 -0.21612902  3.84622546 -1.43918984 -0.59114282]","[-0.28822562  1.52284374  0.4395096   0.18817916  1.60966745  0.2505907
 -0.36833273  1.48911667  0.25000006 -0.11715164  1.6045511   0.25000152]",3.7980286440000555,3.8241312479949556
[0.28433337 1.25801752],0.16777058762256036,37,37,0.7272727272727273,0.9090909090909091,1.0,0.36363636363636365,0.5909090909090909,0.8636363636363636,"[-0.15569729 -0.05498968  0.16944725  0.72049399  0.20741569 -0.41984314
 -0.82752085  0.1901371   0.18099307 -1.26798247  1.15723945 -1.62246685]","[-0.30440384  1.60039307  0.6441372  -0.28821478  1.79999998  0.53614893
 -0.26479382  1.79999102  0.35852267  0.53072845  1.51293765  0.37964995]","[15.56792616  1.99448406 -0.98911819 -0.40289829 -0.89997751 -1.10920885
  1.96101287  0.18905575 -0.28593923 -2.6921061  -0.03365113 -0.99278588]","[-0.13152597  1.68062808  0.25000002 -0.47907134  1.40000048  0.50188779
 -0.16167471  1.76328768  0.25        0.41886148  1.4         0.43228708]",3.721380649000025,3.6423044059920358
[0.48802239 1.22849678],0.15827313902002643,38,38,0.68,0.8,1.0,0.52,0.68,0.88,"[ 0.09366998 -0.13960114  0.02729362  3.47869789  0.64613688  0.32122786
  0.81082742 -1.35053277 -0.49132314  0.37837574 -0.55023856  0.41899362]","[-0.67065497  1.40016415  0.61739248  0.71275947  1.53279863  0.74999955
 -0.27097911  1.49818635  0.4956582  -0.31338829  1.56850965  0.34881075]","[ 0.61022969 -0.52659925 -0.46153234  2.93872556  0.90408492  0.27637378
  1.68904667 -1.01278268 -1.38748119 -1.99927577 -0.38927289  1.01098996]","[-0.61996098  1.42334659  0.57635831  0.69902688  1.58846855  0.7499982
 -0.20543031  1.52581389  0.40880482 -0.52557741  1.51264058  0.74823564]",3.6321041539999896,3.776961740994011
[0.26562144 0.5542759 ],0.14158241206174363,39,39,0.53125,0.75,1.0,0.78125,0.90625,1.0,"[ 0.06241619 -0.30813078  0.19971456 -0.26865478 -0.06185749  0.21724117
 -1.57430041  0.68853594 -0.03637769 -0.04263988  1.12993808 -0.161283  ]","[ 0.09156854  1.51011071  0.54865025 -0.24930645  1.7452259   0.49386444
  0.14386507  1.70845806  0.25000002 -0.41824984  1.59070864  0.48643876]","[ 0.04947891 -0.21448966  0.01523104 -0.69154058  0.09508099  0.29091258
 -0.14367771  0.45391118  0.01717075  0.02285248  1.59032013 -0.23706328]","[ 0.09040356  1.51577825  0.48508562 -0.25440368  1.79999888  0.46782307
  0.1667792   1.70748637  0.26822189 -0.40125753  1.67758857  0.46354261]",3.2962229870000783,3.733080350997625
[0.58987617 0.3347138 ],0.23225267436825558,40,40,0.5,0.5333333333333333,0.9333333333333333,0.5333333333333333,0.7,0.8333333333333334,"[-1.68965442 -0.11457892 -0.95958361  3.80420841 -0.36980411 -1.04053922
  0.09391015  0.30025408 -0.00917556 -1.65200925 -2.54382049 -1.30857919]","[ 0.0114171   1.57350628  0.25       -0.06760029  1.51387135  0.27474785
  0.58715535  1.73837791  0.56337077  0.29738349  1.64787001  0.27351827]","[ 0.49718514  2.3532716  -5.53638297  4.73010821 -1.99965378 -5.1941847
  0.99668936  0.42048195 -0.59451385 -1.06155108 -2.01617374 -1.66053875]","[ 0.02560376  1.79999985  0.25000028 -0.06177856  1.40000009  0.25000007
  0.64184803  1.79999893  0.51911026  0.33467418  1.68744075  0.27502894]",3.5174473399999897,4.180221034999704
[0.45385488 0.61141595],0.16424597048004044,41,41,0.4782608695652174,0.6956521739130435,1.0,0.8260869565217391,1.0,1.0,"[ 0.34495133  0.16777158 -0.0526843   1.20132666 -0.78498206 -0.42338309
 -1.67461234 -1.5162498  -1.67439638  1.60380435  0.25932529 -0.11121342]","[ 0.01270417  1.45256259  0.25       -0.1915052   1.65684051  0.28515824
  0.6766106   1.68461049  0.30308049  0.2642954   1.79999956  0.31744652]","[ 0.39089786 -0.00279315  1.09817533  0.90279753 -0.35998672 -0.17666457
 -1.29773395 -0.90623998 -1.2253048   0.30086219  0.10761565 -0.03725271]","[ 0.01845958  1.40123501  0.74937522 -0.20886213  1.71032814  0.26069328
  0.70116863  1.70583315  0.32475319  0.21250767  1.72951861  0.31733887]",3.8522455780000655,3.7689219510066323
[0.1881229  1.23161373],0.16124323255873077,42,42,0.4583333333333333,0.5833333333333334,0.9583333333333334,0.8333333333333334,0.875,1.0,"[-1.61700708  0.59324439  1.17126406  0.07975054  0.16160495  0.78819111
 -9.55394363 -0.32898171 -1.10403435 -0.20449711 -0.68053788  0.03187587]","[-0.62288469  1.8         0.42914423  0.45502602  1.43929307  0.28587765
  0.16850404  1.74274338  0.25000004 -0.34742124  1.40000015  0.68545591]","[-0.34645781  0.00962075  0.24090556  0.10967438  0.08166523  0.14960487
 -0.70070485 -0.14104098 -0.70717499  0.3577083  -0.330159   -1.1822778 ]","[-0.61841116  1.79996704  0.42222244  0.4866188   1.45056309  0.29425954
  0.17979599  1.72612522  0.28020386 -0.1461972   1.56216996  0.36401528]",4.071634202000041,4.199204923992511
[0.11927516 0.88592413],0.16728078849413094,43,43,0.4090909090909091,0.7272727272727273,0.9090909090909091,0.9090909090909091,0.9545454545454546,1.0,"[-1.32996322  1.34764742 -1.13638447  0.59318109 -0.25515826  0.57680027
 -1.30344069  3.20620565 -1.0684358   2.69012927  0.20208873  0.98986416]","[0.08693858 1.66969437 0.40057033 0.75698175 1.58450312 0.63315692
 0.34532618 1.67560745 0.40872214 0.99999986 1.57508527 0.35415777]","[-0.87477692  0.48917327 -1.31923833 -0.05674124  0.17475245  0.95795254
 -0.83205941  0.99535507 -0.79634949 -0.06956055 -0.04180725  0.0757958 ]","[0.05776383 1.70133538 0.25014695 0.5359568  1.67611255 0.74963313
 0.25019432 1.69930847 0.26367546 0.79019003 1.55860508 0.36123031]",3.5140115710000828,3.4361783119966276
[0.41538381 0.6152286 ],0.1676276367324601,44,44,0.5,0.6785714285714286,0.8928571428571429,0.39285714285714285,0.6428571428571429,0.9285714285714286,"[-3.61359065  0.87573543 -3.85328002  0.66512138  1.09739545  0.13013634
 -2.11857924  0.23819205 -1.10816835 -1.08198173  1.98679093 -5.7869688 ]","[0.12352493 1.58054936 0.29362979 0.29446013 1.59296468 0.39323715
 0.05715993 1.79999687 0.25000193 0.21965171 1.61314424 0.25000006]","[-4.83338058  0.46171098 -3.20804962  0.33410721  0.63004618  0.2030998
 -2.49252221  0.17738836 -0.93990809 -0.86789881  1.91230385 -0.60890092]","[0.11216114 1.56439821 0.25515563 0.31296028 1.60046529 0.45368202
 0.04456979 1.79999983 0.25000014 0.20072159 1.62801183 0.25322017]",3.667057663000037,3.6895398650085554
[0.077043   0.68437822],0.16124842061771627,45,45,0.5,0.625,1.0,1.0,1.0,1.0,"[ 0.19285481  0.39795693 -0.59297379  1.18999558 -0.02107938 -0.17428831
 -0.47680818  0.79308896  0.12506719  0.371411    0.56559054  0.08126217]","[-0.14828874  1.78024236  0.50440764 -0.08767273  1.55497857  0.25000001
 -0.68095827  1.74565262  0.30155159  0.70061271  1.48374879  0.35460785]","[-0.21099961 -0.39850909  0.02442149 -0.04827133  0.59517933  0.00318434
  0.39645543  0.00317559 -0.16960202 -0.0685733   0.28724994  0.42407156]","[-0.25265796  1.49051908  0.73877698 -0.16839909  1.68510849  0.31780073
 -0.49480605  1.72193872  0.25000441  0.5262153   1.50710493  0.46867361]",3.5336775920000036,3.590740001993254
[0.19536456 1.2190981 ],0.16434552024648547,46,46,0.43478260869565216,0.6521739130434783,0.9565217391304348,0.8260869565217391,0.9565217391304348,1.0,"[-1.01893145 -0.83750644  0.98443261  1.33946666  0.27759035  0.16005669
  0.0900085  -1.15214248 -0.01559117  0.66477163  0.65450028 -0.91987098]","[-0.56287303  1.53044647  0.55542656  0.57419613  1.54630686  0.74888051
 -0.6355345   1.49626878  0.4339425  -0.41554117  1.58610184  0.36158893]","[-0.30819422 -0.5221817   0.75008426  0.8198798   1.47365668  0.26262007
  0.14624955 -0.3219717  -0.04108051  0.25570566 -0.13236107 -0.16165361]","[-0.65917967  1.4158766   0.67497369  0.65664159  1.76791786  0.74989443
 -0.58551535  1.44703444  0.42232134 -0.34694685  1.50846549  0.37435907]",4.103957250000008,4.074391063011717
[0.70453881 0.96589323],0.18768184485003506,47,47,0.29411764705882354,0.5294117647058824,0.8823529411764706,0.5294117647058824,0.7647058823529411,0.9411764705882353,"[-4.20306029 -0.77977148  0.60907319  5.81699577  1.97651482 -7.07799749
 -0.20237198  0.67413522  0.0577531   0.88459506 -0.53487671 -0.09854735]","[-0.34492122  1.61563779  0.75       -0.08423619  1.74716995  0.25
 -0.61878139  1.6864547   0.55828512  0.75707187  1.40000007  0.58961927]","[-3.83958430e+00 -4.56669042e-02  5.60966304e-01  2.58178071e-01
  6.03274973e-01 -3.37176430e-03 -3.52787290e-01  3.88489928e-01
  1.96803726e-01  2.41116639e+00 -6.20831390e-01  2.48492818e-01]","[-0.34728002  1.71470711  0.74999994 -0.1834818   1.8         0.53145797
 -0.67639238  1.72639406  0.61979802  0.74880706  1.4         0.74999712]",3.733538314000043,3.6506552920036484
[0.44708571 0.41087973],0.15055713643894086,48,48,0.39285714285714285,0.6071428571428571,0.9642857142857143,0.6428571428571429,0.9642857142857143,1.0,"[-0.28664407 -0.97836997 -0.26738006  0.54244948  0.65697288 -0.54998518
 -4.57641537  1.63607375 -5.04777514 -1.18730079 -0.72363118  0.94163055]","[ 0.50450788  1.5709437   0.60684034 -0.2864561   1.68219156  0.47803712
  0.25199973  1.50765564  0.26763768 -0.19243184  1.40002389  0.74816364]","[-0.63280616 -0.64811298 -0.74090227  1.54891665  0.04095199 -0.78229684
 -6.36185161  2.11971759 -1.13936217  0.59498598 -0.69897136 -0.05772044]","[ 0.45592049  1.59538471  0.55218642 -0.20971387  1.60295537  0.38146206
  0.23163071  1.52336783  0.25277933 -0.05242211  1.45643474  0.25038022]",3.76360578099991,3.669991786009632
[0.12002299 1.06901349],0.1504617028416371,49,49,0.5,0.6428571428571429,0.8928571428571429,1.0,1.0,1.0,"[ 0.26382154  1.0864876  -0.19570295  3.55181184 -1.099588   -4.58048958
 -0.3368616   0.60581199  0.93445104  0.81834495 -1.00245857 -3.23561248]","[ 0.8990694   1.41179616  0.43045045 -0.24891815  1.61650669  0.34703904
 -0.5311411   1.7206998   0.7250365  -0.16857087  1.69747624  0.29188517]","[-0.11203014  0.03507417 -0.00399651  0.12093143 -0.78461117  0.26790533
  0.24128444  0.13843289 -0.30416835  0.74625369 -0.57186772 -0.87772852]","[ 0.85826558  1.41438205  0.43385863 -0.33993042  1.40014316  0.7499869
 -0.29450484  1.56537419  0.27521882 -0.08130138  1.65633907  0.25000004]",4.043139019000023,3.8892603410058655
[0.02920246 1.1135555 ],0.16546258735157354,50,50,0.5,0.7307692307692307,1.0,0.9615384615384616,1.0,1.0,"[ 0.44067167  0.23436421 -0.14068506  2.3184917   0.26529129 -2.93055897
  0.56963944  0.55602421  0.23996456  0.25207301  0.34246448  0.55230037]","[-0.31359111  1.6202991   0.25430791 -0.15589945  1.6828848   0.34818988
 -0.15698441  1.77770826  0.74998169  0.36323189  1.79999997  0.5675094 ]","[ 0.1378009  -0.60434897  0.16761833 -0.01178968 -0.946723   -0.6692617
  0.28060853 -0.49889169 -0.1438104  -0.85221429 -0.29169015 -0.34827802]","[-0.25379832  1.40047142  0.32907322 -0.29093634  1.40037461  0.51598523
  0.15602834  1.44991337  0.62999781 -0.12092387  1.59671585  0.25002016]",3.8078513099999327,3.872769950001384
[0.78995596 0.25727498],0.23510030623317682,51,51,0.41379310344827586,0.6551724137931034,0.9655172413793104,0.4827586206896552,0.6896551724137931,0.9655172413793104,"[-1.03808701 -1.35880184  0.55212426  0.03381393  0.29897229  0.03084727
  0.49320657  0.43570895 -0.01000226 -0.54302863 -0.40043463 -0.04859214]","[-0.18930251  1.62805919  0.26131114  0.18162336  1.79999431  0.68709937
 -0.05050369  1.73646407  0.25000119  0.18339444  1.74320292  0.25000348]","[-0.42375773 -1.3410887   1.10057558 -0.78706199 -1.16497731 -0.94274733
  0.56162358  0.42075441  1.00383875  0.49941617 -1.23532463 -0.04373993]","[-0.18541043  1.61572317  0.28595494  0.14468477  1.5926249   0.25012007
 -0.01097606  1.78918456  0.70893798  0.23403309  1.66513908  0.26228838]",3.7812401500000306,3.7829769079980906
[0.16988763 0.74338211],0.14652257034165414,52,52,0.5,0.7,0.9666666666666667,1.0,1.0,1.0,"[ 1.18394852  0.67887409 -0.80906276  0.22858403 -1.44135681  0.17351742
  0.40666925  0.00950872 -0.64015977  1.25002965  0.31842823  0.97853149]","[ 0.01119999  1.79999934  0.3668559   0.03116932  1.40625022  0.33473438
 -0.41996375  1.79979832  0.28192787  0.46639482  1.79999997  0.43451093]","[ 7.87686529e-02  7.22190564e-01 -4.06991839e-01 -1.77473913e-01
  1.17048151e-01  9.82301147e-01  7.80727172e-04  6.92468609e-03
 -2.04988696e-02 -5.38928016e-02  1.84112133e-01  8.01681087e-02]","[-0.00394171  1.78988494  0.55251224  0.00415647  1.78482442  0.71358287
 -0.44064119  1.79852497  0.30259601  0.33669065  1.79999417  0.33690237]",3.9225400979998994,3.83183517800353
[0.15741566 1.60943494],0.16431475368175813,53,53,0.6956521739130435,0.8260869565217391,0.9565217391304348,0.782608695652174,0.8695652173913043,1.0,"[ 3.02342246 -0.85906058  0.27281937 -0.52934361  1.00671438  0.54458584
  0.25840012  0.01287705 -0.3943808  -0.89591606  0.24901157 -1.05745916]","[ 0.5436297   1.45392348  0.74999836 -0.99999705  1.74395433  0.63145821
 -0.87789489  1.53148925  0.47749329  0.05099884  1.79998856  0.30425163]","[-0.02551646 -0.27251948  0.04673192 -0.17044853 -0.67834119  0.33830574
 -0.14740112  0.68747419  0.77570513  0.14979517  0.32151598 -1.0338517 ]","[ 0.48520122  1.4213644   0.67521745 -0.92746201  1.46619993  0.74995485
 -0.9975614   1.62022972  0.60714262  0.11964586  1.79987809  0.25048622]",3.7593015190000187,3.6832638399937423
[0.11146333 0.93064627],0.14626753945826296,54,54,0.5333333333333333,0.6666666666666666,0.9333333333333333,0.8666666666666667,0.9666666666666667,1.0,"[-8.74629680e-01 -7.21716536e-01 -1.20366934e+00 -2.05327177e+00
  4.59236271e-01  7.13278761e-02 -7.09162959e-01  6.18584798e-01
  3.14903976e-02 -3.10168694e-01  2.41036319e-01 -4.92321607e-05]","[ 0.55932941  1.40218866  0.53360217 -0.87042137  1.51134651  0.74804227
 -0.31503636  1.79996257  0.40542428 -0.75425913  1.73491273  0.55425089]","[ 0.00219403 -0.18571363 -0.15789229  0.86038899  0.65935259  0.06163541
 -0.10855269 -0.65577594  0.65033284  0.65417104  0.44559761 -0.23720112]","[ 0.61039694  1.40010836  0.57833049 -0.63335652  1.63346043  0.74996065
 -0.4103644   1.40000111  0.71517419 -0.44710988  1.79999996  0.46303423]",3.0097784149998006,3.8548977859900333
[0.27715698 1.18038062],0.1643861181053301,55,55,0.5217391304347826,0.782608695652174,0.9565217391304348,0.782608695652174,0.9130434782608695,1.0,"[-0.40496714 -0.1981032  -1.26488344 -3.13630293 -0.40548599 -2.75721921
 -0.26027598  0.72607633 -0.05315491 -3.07363357 -0.15862046  0.66577827]","[ 0.36096238  1.47208336  0.31255805  0.20080718  1.4         0.36207717
 -0.108853    1.79999925  0.35897172 -0.59725083  1.4         0.74976504]","[-0.82227208  0.53200013 -1.04482979 -1.6870222  -1.29306714 -1.24983804
 -0.38428633  1.24652169  1.28541923 -1.61770879  0.30356971  0.68512609]","[ 0.33994224  1.48965956  0.30232913  0.22710324  1.40000001  0.32013701
 -0.20751989  1.79999982  0.73308157 -0.47266872  1.53178549  0.7499981 ]",3.8735880469998847,3.7467702360008843
[0.1926548  1.23920206],0.17047630714915868,56,56,0.5238095238095238,0.6666666666666666,0.9523809523809523,0.6666666666666666,0.8571428571428571,0.9047619047619048,"[-0.21687226  1.03808815 -0.18395402  0.95330647  0.02646716 -2.50138185
  0.18697746 -0.31229427 -0.68146638  0.01422246  0.62317816 -0.13759661]","[ 0.08308722  1.51345382  0.39992537 -0.92091638  1.79999644  0.60145352
 -0.5417001   1.68502619  0.30808455  0.81379172  1.79816144  0.60736645]","[-1.71826115  0.01144953 -0.39742226  2.1197516  -2.08766094 -4.12493317
 -0.22070007  0.20531787 -0.23735117 -0.54789373  0.46401244  0.34212044]","[ 0.06023007  1.41488061  0.25000164 -0.58508713  1.58474977  0.33581447
 -0.61711967  1.76342638  0.30728913  0.61651472  1.76432047  0.74974125]",3.8249263119998886,3.684630133997416
[0.02600518 1.62818756],0.3604813286797042,57,57,0.47368421052631576,0.631578947368421,1.0,0.8947368421052632,0.8947368421052632,0.9473684210526315,"[ 2.43811763  0.29975591  0.20120185  0.11805116 -0.06066419  0.38337803
 -0.30670044  0.9220199  -0.25353249  0.70008999  1.07068257  0.47485806]","[ 0.53739979  1.44235161  0.74999942  0.0125115   1.40000046  0.74850994
  0.14568214  1.8         0.45001479 -0.24353246  1.75367863  0.75      ]","[-1.18779072  1.17082543 -0.82639457  0.08107678  0.85445061  0.2433163
 -0.89533327  0.00933777  0.47822551  0.61497927 -0.32874637  0.39548864]","[ 0.19827577  1.79493088  0.42077345  0.03905172  1.7170888   0.62150852
 -0.1654226   1.43628523  0.74933435  0.17975182  1.40384407  0.69397582]",3.822548414000039,3.6921515750000253
[0.31219752 0.75223938],0.158287011381033,58,58,0.48,0.72,0.92,0.76,0.92,1.0,"[-0.23877466  0.29749239  0.83243951 -0.25181555 -0.0611348  -0.03363083
 -0.18827724 -0.35532616  0.06192634 -0.00309229  0.28899506 -0.19647423]","[-0.27494127  1.72277006  0.4654186  -0.23631652  1.67561276  0.25
 -0.34419932  1.40000001  0.74999744  0.07886001  1.79996216  0.52148577]","[ 0.08861394 -0.58296807  0.3813806  -0.21982753  0.18666645  0.03637761
  0.14139579 -0.28220294  0.05632425 -0.01456414 -0.28576448 -0.23111835]","[-0.26032742  1.67583468  0.44001292 -0.24883589  1.69198538  0.26214128
 -0.32253203  1.40000167  0.7499694   0.07490367  1.65631768  0.50077389]",3.4341062549999606,3.687506957008736
[0.65975761 1.52826205],0.29364246029062313,59,59,0.5789473684210527,0.6842105263157895,0.9473684210526315,0.47368421052631576,0.631578947368421,0.9473684210526315,"[-0.02903091  1.37827911 -0.07091204 -0.6730674   0.31581922 -1.07792511
  0.17528734 -0.98324294  0.18589951 -0.13474825  0.50167812 -1.26578434]","[-0.75466612  1.64749694  0.6956837   0.38835938  1.51930135  0.26675641
  0.99999649  1.50075984  0.65752329 -0.07408442  1.8         0.25000021]","[ 0.0923951   0.17630338 -0.47193508  0.47410643  0.52162812  0.34005513
  0.21164928  0.14612391  0.93383711  0.49500539 -1.21908234 -0.22161916]","[-0.73904655  1.57774513  0.66969025  0.43736521  1.52694773  0.31369057
  0.99987036  1.6095954   0.68573614 -0.05254304  1.40038016  0.28936978]",3.872129743000187,3.676231898003607
[0.64630535 0.48964211],0.16780464497065284,60,60,0.4090909090909091,0.5454545454545454,0.9090909090909091,0.5909090909090909,0.8636363636363636,1.0,"[ 0.26715973  0.00952487 -0.45350234 -3.22348296 -1.83537193 -1.14557382
  4.2587312   1.63969903 -4.5257527  -1.71853587 -0.27334783 -3.00817371]","[-0.39161514  1.7991731   0.51454312  0.07891337  1.56420558  0.26116751
 -0.39468921  1.72801236  0.35777961  0.09348168  1.40230325  0.25      ]","[ 0.82826468 -0.04117466 -0.96459209 -3.43866065 -1.30440168 -0.9790218
  1.96836429  0.79802702 -2.16945113 -1.59937014 -0.26683853 -0.57718008]","[-0.3476102   1.78398034  0.45437945  0.07345825  1.58763962  0.25000035
 -0.3887988   1.72261027  0.38014099  0.08445966  1.4         0.25000491]",3.735793066000042,3.65745848500228
[0.24907842 0.93915595],0.16122974579695307,61,61,0.25,0.5416666666666666,0.9583333333333334,0.7916666666666666,0.9583333333333334,1.0,"[ 2.07852246  1.0486898  -2.056741    1.17076511 -2.25764566 -2.16635647
  1.62903705  0.07130404 -1.75236806  0.39921503  0.92592719 -0.44342772]","[-0.26695455  1.64958598  0.27555523 -0.16064948  1.61963497  0.34831759
 -0.17326909  1.64164416  0.28992352  0.10050998  1.7999687   0.34046469]","[ 1.33856648  0.05389485 -1.44658052  0.29610833 -0.77090242 -0.46702768
  1.25733543 -0.05149984 -0.37105252 -0.10399698  1.09477869 -0.84320115]","[-0.25440369  1.63643142  0.26125747 -0.17311232  1.66654605  0.36834344
 -0.13935301  1.62920789  0.26270132  0.06476972  1.74369687  0.25660221]",3.7569691109999894,3.741501045995392
[0.67996565 0.59666811],0.16047239772626287,62,62,0.4444444444444444,0.7037037037037037,0.9629629629629629,0.48148148148148145,0.7037037037037037,1.0,"[ 1.06669879 -0.42328768  0.10646197 -1.54077403 -0.54951566  0.72159479
  0.39162719 -1.44569161 -0.5107289  -0.35514782 -2.24267846 -5.92642847]","[ 0.14777183  1.40000056  0.74999725 -0.10734483  1.40000014  0.7499942
  0.62255253  1.70571127  0.36728822 -0.06554349  1.49931405  0.25      ]","[ 4.92796992e-01 -6.77587609e-01  9.38498438e-02 -1.48996914e+00
  4.53079157e-01  7.21048107e-01  3.76026283e-01 -5.93190235e-01
 -3.35392679e-01 -1.18451185e-03 -2.58611735e+00 -7.32934026e+00]","[ 0.13504112  1.40016515  0.74999996 -0.09678546  1.79997213  0.74999959
  0.62161591  1.73057606  0.37462372 -0.054397    1.46007285  0.25      ]",3.975343374999966,4.0239654460019665
[0.25377166 0.46837285],0.1553011451344859,63,63,0.38461538461538464,0.5769230769230769,0.9615384615384616,0.7692307692307693,0.9615384615384616,1.0,"[-2.10906744  2.39131988 -2.06439984  0.84611046  0.43963612 -1.10314052
  1.68459435 -0.34398348 -1.64154746  0.34307853 -0.34863363 -0.43547768]","[ 0.5272905   1.4975154   0.44936097 -0.48242353  1.55597971  0.471282
 -0.16419859  1.40000063  0.29741656 -0.33742517  1.72200495  0.40935956]","[-0.72593241  0.78284089 -0.74078351  0.01435739 -0.31721176 -0.11055756
  1.33028754 -0.2856006  -0.47373121 -0.75909865 -0.50357885  0.66324345]","[ 0.54294985  1.49414691  0.47062732 -0.58867842  1.40329968  0.58121776
 -0.15227679  1.40456206  0.27170474 -0.56855293  1.64657088  0.73985942]",3.810802357000057,4.048362489993451
[0.11594165 0.83092662],0.15942741175476685,64,64,0.5,0.6538461538461539,0.9615384615384616,0.7307692307692307,0.8461538461538461,1.0,"[-0.97416825 -0.54807248 -0.82866779 -0.16163578  0.05871031 -0.02186643
  0.38183039  0.28909019 -1.60833353 -0.11354767 -0.36664029 -0.15612996]","[ 0.50045902  1.57251674  0.44228929  0.4947942   1.79999759  0.51533135
 -0.1515666   1.79999999  0.36320964  0.34606101  1.53801881  0.52199426]","[-1.14033852  0.76379079 -1.09040597 -7.6625752  -0.03654276 -0.53643874
  0.56879257 -1.26024468 -0.72756198 -0.40518839  0.41620352 -0.16804406]","[ 0.41927278  1.64291646  0.36147236  0.18993131  1.76652077  0.25020026
 -0.13409776  1.51167408  0.25000002  0.15575763  1.79999947  0.51435349]",3.827698158999965,3.7725695580011234
[0.56983803 1.63993645],0.23956227084158346,65,65,0.47619047619047616,0.8571428571428571,0.9523809523809523,0.5238095238095238,0.6666666666666666,0.8571428571428571,"[-1.9709606  -1.01032796 -2.09724784  1.5825298   0.396596   -3.51171374
  0.074835   -0.93873002 -0.35895772 -1.43941862 -0.236967   -0.51240025]","[ 0.14129744  1.50954364  0.38554318 -0.21003833  1.61264282  0.28923668
  0.32169986  1.46919808  0.25000111  0.03133999  1.40000128  0.26288832]","[-3.82576146  0.32407719 -3.14662813  6.75670197  0.78724872 -0.77504622
  0.37032855 -0.36996641  0.86334109 -1.54181135 -0.31486607 -0.68341045]","[ 0.117805    1.64268284  0.33302356 -0.17762237  1.62748304  0.25005549
  0.35229327  1.48201622  0.34844927  0.02474788  1.40599103  0.29440721]",3.77225797899996,3.6829340219992446
[0.10279581 0.57544716],0.15790471157037614,66,66,0.5,0.5769230769230769,0.9615384615384616,0.9615384615384616,1.0,1.0,"[ 0.51993057  1.20189309  0.63321969 -5.16290927 -2.20944423 -5.45455247
 -0.29106786 -1.14644679 -0.87715552 -1.13203051  0.37865166  1.12403225]","[ 0.6677834   1.66796844  0.50466295  0.31851098  1.65802146  0.33643032
 -0.09820898  1.40000062  0.35013104 -0.39246802  1.7999985   0.43118929]","[ 0.12498117  0.61111443  0.74038018 -3.19254298 -1.26126911 -1.04268109
  0.01841254 -0.97708324 -0.92652476 -0.42722906  0.52993342  0.17167264]","[ 0.86260285  1.75994547  0.67161487  0.25564472  1.57394875  0.25000327
 -0.07769067  1.40000901  0.33808018 -0.35740128  1.79998334  0.31294584]",3.8417985869998574,3.7858552190009505
[0.04166801 0.85288792],0.30035299924811715,67,67,0.6428571428571429,0.7142857142857143,0.8928571428571429,1.0,1.0,1.0,"[-1.89635144 -2.8895287  -1.98668181  1.02562327  0.05224544 -0.23362633
 -1.37402756 -2.27783136 -1.56292926  2.01759719  1.10051775  0.70633155]","[0.34544153 1.67376188 0.40388237 0.1189671  1.5031941  0.25141639
 0.55784714 1.63651356 0.38072096 0.25411889 1.78249659 0.74966491]","[-0.96699941  0.03624395 -0.53436758 -0.2592402   0.87741886 -0.1813061
 -0.95709012  0.08532095 -0.39488783 -0.21863102  1.10913868  0.55700818]","[ 0.23609564  1.79946475  0.3509435   0.02655205  1.7999821   0.28875875
  0.27786841  1.79999144  0.32737547 -0.05265902  1.79591805  0.74985065]",3.3592971870000383,3.5027371519972803
[0.54990324 0.58426733],0.20900765155535725,68,68,0.34782608695652173,0.5652173913043478,1.0,0.4782608695652174,0.7391304347826086,0.9130434782608695,"[-0.34399153  0.2609356   0.48771329 -3.68770268 -0.3327801  -0.58748113
  1.60054565  0.80687454  0.35003236 -1.03972563  0.25433168  0.14640402]","[-0.75216002  1.45613842  0.48608635 -0.00953635  1.62820516  0.25000004
  0.34967136  1.75125736  0.7499983   0.71457923  1.65654629  0.74951921]","[-0.11800659  1.15495685  0.3732842  -2.29266924  0.17811219 -0.42472526
  1.33550432  0.50661664  0.39000956 -0.30184445 -0.93239529  0.11097558]","[-0.73946751  1.48948817  0.48469734 -0.03054052  1.79999999  0.28372261
  0.3371451   1.5927827   0.7498307   0.66386778  1.40060526  0.71960343]",3.4628876530000525,3.5026598410040606
[0.59946102 0.35570044],0.1585073844440799,69,69,0.56,0.68,0.92,0.6,0.84,1.0,"[ 0.64240529  0.99837492 -0.58687674  0.19987079 -0.32350843  0.54780625
 -0.98533614 -0.96272037 -1.38821811 -0.41083991  0.30218213 -1.07055583]","[-0.42039288  1.66250303  0.42861639  0.99997027  1.60881512  0.74768551
  0.45523917  1.58899804  0.45670268  0.36148649  1.44477489  0.27902774]","[ 0.33408978  0.36041817 -0.32400732 -0.01099089  0.58336098  0.05389069
 -2.04334789 -0.21943747 -2.70858588 -0.50464626  0.16196025 -0.7447311 ]","[-0.42016251  1.65725892  0.43008163  0.74529422  1.76845591  0.57277331
  0.3641332   1.65213987  0.35317479  0.3371441   1.45471986  0.29193195]",3.526881307999929,3.648074438999174
[0.14219949 1.02347114],0.16121465073789779,70,70,0.5,0.625,0.9166666666666666,0.875,0.9166666666666666,0.9583333333333334,"[-1.32536485  0.56099294  0.02188629 -3.41975632  0.71033772  0.77540785
 -1.76080378  1.56403955 -1.23087879  0.0077243   1.05643538  0.02490495]","[-0.39318175  1.65283214  0.74999999 -0.64085712  1.74939908  0.74999997
  0.13740139  1.8         0.31435753 -0.4483158   1.79999989  0.65952632]","[-1.62777769  0.65345468  0.0180146  -0.33516596 -0.31778162  0.84745099
 -4.13769703 -0.96070254 -0.89571719  2.18889891 -0.02226986  0.22428255]","[-0.45737032  1.79871145  0.74998475 -0.36800815  1.40021843  0.74859699
 -0.02320139  1.40145072  0.25032656 -0.09265771  1.40016279  0.73430232]",3.8390614490001553,3.8153304379957262
[0.58257837 0.66566516],0.16761533293068429,71,71,0.5909090909090909,0.6818181818181818,0.8636363636363636,0.45454545454545453,0.6363636363636364,0.8636363636363636,"[ 1.97379703  0.04373214 -1.33631363 -1.34264103 -1.92307061 -0.84769777
  2.88687876  0.10299991 -0.35857835  0.13226296  1.67785067 -0.52354112]","[-0.27156926  1.71705245  0.39296073 -0.06862783  1.44347581  0.25000129
 -0.13626925  1.61796253  0.25       -0.44474082  1.6652713   0.524349  ]","[ 1.72886426 -0.19824489 -1.25058789 -0.80708064 -0.52581839 -0.85600498
  1.88878655 -0.28277754 -0.29771968  0.84184201  1.55218609 -2.01234428]","[-0.25957061  1.70572151  0.36986133 -0.09056575  1.45738369  0.26756198
 -0.14514763  1.58217058  0.25       -0.35557793  1.61992415  0.38781631]",3.790446799999927,3.787637672998244
[0.46220802 0.71730361],0.1494211627322274,72,72,0.5172413793103449,0.6206896551724138,0.896551724137931,0.4827586206896552,0.5862068965517241,0.8620689655172413,"[-0.51390774  0.03976383 -1.13194929  6.15176541  0.07952789  0.7561182
  1.10485573 -2.06288343 -1.29595802  0.0883997   0.57653965  0.00690855]","[ 0.28840384  1.79999995  0.44578821  0.70650014  1.67842754  0.74999955
 -0.20715012  1.64126381  0.25000019  0.67038807  1.60690814  0.55140624]","[-1.67410701  0.04433249 -2.39951663  0.83390294  0.39999081  0.58627103
  1.33263482 -3.27643088 -1.60010035 -0.99151146  1.27685943 -0.93230489]","[ 0.26440736  1.79999932  0.40373148  0.57829364  1.79999983  0.61345493
 -0.20838521  1.60149646  0.2500019   0.51149025  1.64725609  0.43337193]",4.297372400999848,4.280394398010685
[0.03998547 0.81789939],0.15327436927894506,73,73,0.5185185185185185,0.7407407407407407,0.9629629629629629,0.9629629629629629,0.9629629629629629,1.0,"[ 0.35525808  0.25243975 -0.31035532  1.7690451   6.53802301 -1.07983689
  0.194375   -0.53519348  0.10041635  0.56711    -0.00727633 -0.25905006]","[ 0.4857436   1.41614178  0.35294505 -0.14550305  1.79999998  0.37990594
  0.20404946  1.40009166  0.5622001  -0.62535591  1.57638069  0.25      ]","[-1.93569588  0.01176782 -0.26995149  1.03068189  0.39962864 -0.95799273
 -1.73112455  0.45016095 -1.05447261  0.90492336  0.17563396 -0.00988049]","[ 0.27584354  1.41590373  0.25412508  0.15116937  1.61406986  0.25000004
 -0.14169467  1.71876253  0.2500763  -0.19571295  1.62113443  0.25001111]",3.9803796790001797,3.8551561839994974
[0.29058136 1.29390758],0.15343978320927487,74,74,0.5925925925925926,0.7037037037037037,1.0,0.4444444444444444,0.7037037037037037,0.9629629629629629,"[ 0.45315231  0.13532426 -0.58337092  0.82354359 -0.34236946  1.2941035
 -0.52286026 -0.74155508  0.23276873  3.09369675 -0.82510211 -0.67163832]","[-0.3403575   1.74045526  0.28754099  0.18546266  1.40000788  0.74020133
 -0.47339435  1.40000058  0.60836414 -0.08703237  1.4         0.25000061]","[ 0.6851725  -0.29771401 -0.68493531 -0.32940336  0.46907428 -0.32037719
  0.02659645 -0.74040028 -0.48901877  4.99240815 -0.73339096 -0.57136881]","[-0.33238664  1.72998503  0.28626042  0.07980406  1.52649032  0.26083637
 -0.37406822  1.40015095  0.4617992  -0.05992715  1.4000138   0.25002697]",3.6098039640000934,3.7422108260070672
[0.38587195 0.68477399],0.1625796316314297,75,75,0.4444444444444444,0.7037037037037037,1.0,0.7777777777777778,0.8888888888888888,0.9259259259259259,"[-2.54312526 -0.58439919 -2.55609938  4.38440336  0.2440777   0.56818879
  1.26119662 -0.57890677  0.74696206 -0.52963562 -0.70918198  0.18462387]","[ 0.29693899  1.67308794  0.27844558  0.60600782  1.77206939  0.74999706
  0.13137908  1.57115534  0.74975668 -0.38840515  1.40000341  0.74950287]","[-2.31333311 -0.8877015  -2.0887922   5.29966992  0.06064874  0.63942469
  0.75495145  0.38519156  0.73511202 -0.98907901 -0.71324021  0.1355258 ]","[ 0.30375045  1.67355825  0.28934248  0.59008449  1.72002897  0.74999997
  0.1220097   1.79992305  0.74699801 -0.39870621  1.40000025  0.74999424]",3.6534958939998887,3.7070569539937424
[0.60448234 1.22251529],0.17032193896789055,76,76,0.5714285714285714,0.8095238095238095,1.0,0.5238095238095238,0.6666666666666666,0.9523809523809523,"[-0.25602925 -0.06154309 -0.13107677 -0.00217212 -0.78404531  0.1637661
 -1.61834117 -0.30368734 -1.14294613 -0.79500763  0.29118922  0.58673147]","[ 0.17547283  1.7000638   0.25004277  0.03965386  1.48365213  0.74935
  0.20093367  1.6051099   0.25       -0.48344495  1.8         0.67946147]","[-0.87001887  0.65101729 -0.50920236  1.12384907  0.13118864 -0.17580484
 -1.09801613 -0.33219159 -0.00787946  0.07497067  0.21062884  1.14230397]","[ 0.18478132  1.7228747   0.26930485  0.14493318  1.79999751  0.63211173
  0.21111698  1.60792012  0.31203867 -0.31205023  1.76530779  0.74924461]",3.890835088999893,3.8114622270077234
[0.28429416 1.02423487],0.1704747480202894,77,77,0.47619047619047616,0.8095238095238095,1.0,0.47619047619047616,0.7619047619047619,0.9523809523809523,"[ 0.75640372  0.15806732 -0.20210907 -0.95688569 -0.24364283  0.58734219
  1.05748528  0.88042249 -0.60347539  0.34313052 -0.63984157 -0.3755858 ]","[-0.19031762  1.8         0.64799006 -0.41066642  1.40000007  0.40253751
  0.02467561  1.8         0.25000003 -0.32650705  1.64261341  0.28986028]","[ 3.6028135  -0.39126068 -1.59808692 -0.20097688 -0.99269357  0.4871142
  1.078083   -0.13270251 -0.46257265  3.85741481 -0.56641569 -2.6990996 ]","[-0.10400647  1.69998244  0.30468341 -0.32080375  1.4         0.39100755
  0.02768177  1.40000384  0.25000013 -0.20396061  1.63857143  0.25      ]",3.545600856999954,3.626265657003387
[0.43773319 0.70557155],0.15857400787658726,78,78,0.56,0.64,0.88,0.36,0.68,0.96,"[-10.33151712   2.90725413  -6.00287441   2.83228449  -0.55844695
   0.97741796  -0.45935123   0.25625462  -0.3224277    0.36822676
  -0.32478547   0.2726848 ]","[0.15664933 1.53582431 0.25       0.39916056 1.4086568  0.74957495
 0.34401459 1.79999996 0.48566305 0.31034372 1.4449905  0.4422327 ]","[-12.48515781   4.16492706  -3.71244031  -0.91027776  -0.09996588
  -2.03851276  -0.78972887   0.27163584  -0.9719064   -0.38478925
   0.21191955  -0.72506669]","[0.15585869 1.55415685 0.25015034 0.14290961 1.58677724 0.25298346
 0.33900927 1.7998878  0.44164718 0.19286572 1.55588482 0.28328545]",3.7999994120000338,3.795385592005914
[0.5698899  0.44655955],0.23992289876563266,79,79,0.45454545454545453,0.5909090909090909,0.9545454545454546,0.5454545454545454,0.5909090909090909,0.9090909090909091,"[-3.87112111 -2.09748134 -3.17969204 -1.07194175  1.68886678 -1.26618268
 -3.14915657 -0.16837083 -0.66351047 -0.20620731  0.17410634 -0.39203777]","[ 0.27899766  1.61548835  0.39228647  0.21055026  1.65591576  0.29634925
 -0.01739952  1.40000005  0.25        0.55950954  1.8         0.50781192]","[-1.41001802  0.04605106 -0.82501348 -3.55846304  4.19239377 -0.4867298
 -6.18759518 -0.24620083 -4.3309688  -3.11412872  0.13954853 -2.48864578]","[ 0.30123493  1.71160974  0.50398259  0.15690042  1.8         0.25000002
 -0.08917226  1.4         0.25        0.33208694  1.79999944  0.3189379 ]",3.8089023109998834,3.703818258989486
[0.52879801 1.0427074 ],0.17428489593095137,80,80,0.55,0.75,0.95,0.45,0.6,1.0,"[ 4.23548453 -0.38575462  0.60916179 -0.11957548 -0.48378695  0.12526535
  0.66809869 -0.7218576   1.11793477 -0.32604285  0.55800087  1.37193897]","[ 0.54473421  1.57801042  0.74999912 -0.41515763  1.4         0.65161036
  0.1691354   1.42221452  0.74963566 -0.37335554  1.74151207  0.72301229]","[ 3.01205321  0.50152772  0.40761634  0.86118592 -0.35582712 -0.25403037
 -0.25881761  0.5656877  -0.39071482  0.53205864  0.04560008 -0.04081908]","[ 0.58551101  1.78481546  0.74995878 -0.22292532  1.40006276  0.51035876
  0.09468232  1.66494875  0.25000007 -0.10148096  1.55022853  0.34372433]",3.5091291629998977,3.479973349996726
[0.22463673 1.13762973],0.18249706124829698,81,81,0.45454545454545453,0.6818181818181818,0.9090909090909091,0.7272727272727273,0.7727272727272727,1.0,"[ 0.95632958 -0.7182793  -0.68572967  0.40636463  0.28217223 -0.17713896
 -1.20718795  0.27902704  1.60504078  1.51934385 -0.1253356  -0.29566929]","[ 0.02719368  1.57941561  0.25000004  0.15886059  1.67907023  0.49702839
 -0.45028588  1.8         0.34421876  0.10030911  1.40000008  0.30140077]","[ 0.44785709 -0.54514369 -0.10968995  0.22837261  0.15063813 -0.76153945
 -0.01029874  0.20544107  0.2448897   0.54829203 -0.13752674 -0.14975557]","[ 0.0272422   1.47092704  0.25000018  0.10745575  1.63752519  0.32302352
 -0.38055168  1.79510049  0.34135355  0.09000475  1.40000204  0.35728992]",3.73092879800015,3.691292595001869
[0.36264493 0.45275864],0.19195843567087267,82,82,0.45454545454545453,0.7727272727272727,0.9545454545454546,0.6363636363636364,0.8636363636363636,1.0,"[-2.05151088  0.53004623 -2.89370825  0.21783233  0.64974233  0.29072068
  4.27032316  1.19041358 -0.87256001  0.81344092  0.63231854  0.61670401]","[ 0.1177763   1.44874984  0.33233455  0.71995176  1.8         0.50583329
 -0.05666328  1.79999209  0.25014533  0.28663719  1.79067311  0.7499927 ]","[-1.57175881 -0.10359174 -2.49816925 -0.36023097  0.14311673 -0.31290002
  4.21616805  1.3239556  -0.95862289 -0.13529923  0.47461284 -0.48345647]","[ 0.12993178  1.40000016  0.36273809  0.62797283  1.79448647  0.4475304
 -0.0564776   1.8         0.25000409  0.18197281  1.7961644   0.35090781]",3.784493737000048,3.7165545460011344
[0.05253892 0.66144568],0.17173026682060374,83,83,0.391304347826087,0.4782608695652174,0.9130434782608695,1.0,1.0,1.0,"[-7.94377881 -0.85223411 -1.05508368  6.78199391 -3.19562799 -0.800997
 -2.67544473 -2.78354129 -3.41378274  0.45974693 -0.81859768 -0.62453845]","[ 0.05936476  1.50536127  0.25       -0.10571494  1.54826107  0.25000614
  0.32559893  1.50156883  0.28410669 -0.30538573  1.40000003  0.56001592]","[ 0.06295531 -0.72916871  0.2967465   0.26280298 -0.64672646 -0.73144679
 -0.19988697 -0.59193322 -0.03679265  1.24316727 -0.68010529 -1.08053504]","[ 0.1370141   1.40027807  0.73135658 -0.0764279   1.59697953  0.25000033
  0.3547249   1.40981669  0.44268231 -0.15197866  1.40000629  0.25006899]",3.7990210409998326,3.7414280049997615
[0.11402444 1.21242924],0.15321580179145708,84,84,0.4444444444444444,0.7407407407407407,1.0,1.0,1.0,1.0,"[-3.78521172  0.44702866  0.46114994 -1.48964568 -1.24038145 -1.45976063
 -1.4245555   0.60335509  1.10926573 -0.31899367  0.81306356  0.42269459]","[-0.31151615  1.78341317  0.74997645  0.26455651  1.4575604   0.25
 -0.85092126  1.76699468  0.49014188 -0.15055399  1.8         0.34380109]","[-0.28966714  0.03270103  0.43242691 -0.42879766 -0.0682241  -0.11530479
 -0.14471563 -0.16816686  0.20736278 -0.17873996  0.45580192  1.09915276]","[-0.26289606  1.64736295  0.72673929  0.2534713   1.47762984  0.25035454
 -0.73059791  1.67609976  0.48297391 -0.18466816  1.79792679  0.7499977 ]",3.5247319959999004,3.694262823992176
[0.08366878 0.98343227],0.1654607259702449,85,85,0.6086956521739131,0.8260869565217391,0.9565217391304348,0.9565217391304348,0.9565217391304348,1.0,"[-2.99694557 -1.87381372 -2.38921131  2.96200108 -2.12894779 -1.15959038
 -0.30306802 -0.10051021 -0.54983764  9.38887531  0.53731072 -0.56743238]","[ 0.34142453  1.71643749  0.2607349  -0.2739804   1.63825738  0.25018873
 -0.0821836   1.71746891  0.25002352 -0.47556038  1.55422843  0.25603086]","[-0.13932786 -0.05509499 -0.08618138  3.31660388 -0.73422872 -0.70286427
 -0.24099317 -0.95424261  0.93358401  3.88323955 -0.21373959 -0.59767191]","[ 0.35252271  1.73072375  0.26851204 -0.11210196  1.40004622  0.25104449
 -0.15414712  1.40298191  0.74658863 -0.3060205   1.40281245  0.25037561]",3.897999880000043,3.826305893002427
[0.39883642 1.20514197],0.16341830928603626,86,86,0.4166666666666667,0.625,0.9583333333333334,0.6666666666666666,0.7916666666666666,0.9583333333333334,"[-1.48604555  0.25593788 -2.07658799 -0.69549358  0.26693372 -0.29726732
 -9.33221092 -0.19330353 -1.37252428 -0.23935635  1.63907003 -1.83803913]","[-0.03687256  1.66823907  0.25000027 -0.37215157  1.79999998  0.42022536
  0.0779529   1.40000041  0.25000158 -0.32950433  1.57436992  0.25605543]","[ 0.12145758 -0.38420886 -0.36704419  0.42766828  0.16563376 -1.07344524
 -5.72757738  1.48324067 -4.19869007  4.10540846 -0.56186475 -2.54997901]","[-0.01761841  1.59264759  0.25       -0.30788898  1.74656087  0.36541191
  0.14104226  1.55190904  0.25       -0.21246103  1.46762221  0.25      ]",3.7945359309999276,3.7913640329934424
[0.64975081 0.87109185],0.19574862268304927,87,87,0.45454545454545453,0.6818181818181818,0.9545454545454546,0.4090909090909091,0.5454545454545454,0.9545454545454546,"[-1.90235783 -1.70683514 -2.1461349  -0.48281276  1.15790027  0.23735262
  2.85390964  0.43805518 -2.78348708 -0.66056481  1.03816669  0.02362815]","[ 0.44646292  1.72167529  0.43942316 -0.5109704   1.66505152  0.52276977
 -0.32669184  1.61888933  0.33087677 -0.06899012  1.7999994   0.38682517]","[-2.52960941 -3.50980023 -2.8677262  -0.44419171  1.52974556  0.26063784
  2.00019835  0.87577854 -1.79353918 -0.30277639  1.26684014  0.30785355]","[ 0.43597571  1.69275917  0.43144466 -0.50211062  1.68832565  0.52247243
 -0.33107619  1.64668546  0.36336434 -0.04505018  1.79999497  0.45862593]",3.650527360000069,3.6127637540048454
[0.33079965 0.80228261],0.1554015699948765,88,88,0.46153846153846156,0.6538461538461539,0.9615384615384616,0.5384615384615384,0.6923076923076923,0.9230769230769231,"[-0.01793788 -0.97907652  0.01205182 -0.24257236 -0.03179259  1.23941202
  0.17697546  0.12368523  0.17764259 -0.29335532  0.79581176 -0.54079531]","[ 0.3271481   1.69670307  0.66201464 -0.9999952   1.4027784   0.67345459
 -0.73460486  1.67751428  0.38997147  0.4751677   1.8         0.48894287]","[-1.22229764 -1.55197201 -1.49226104 -0.18062011  0.44002445  0.85634571
  0.08765087 -0.24019933  0.18056913 -0.65011471  0.76651343 -0.25266738]","[ 0.24163402  1.68064798  0.45217151 -0.99999071  1.45650713  0.64829219
 -0.73803808  1.66315476  0.39446556  0.41770309  1.8         0.50356934]",3.3803815549999854,3.6572584440000355
[0.62702445 0.41947753],0.1692188435987449,89,89,0.39285714285714285,0.5714285714285714,0.8571428571428571,0.5357142857142857,0.6785714285714286,0.9285714285714286,"[ 1.12765038 -0.65998165  0.10265985 -0.50961524 -1.62687478 -0.30177796
  0.28670659 -0.00410047  0.10519037  1.00279284 -1.59173182 -2.73395921]","[-5.98944666e-04  1.57743522e+00  6.69504645e-01 -5.75439617e-01
  1.61394876e+00  3.10971772e-01  8.08366275e-02  1.60001689e+00
  7.49224976e-01 -2.89882473e-01  1.53913355e+00  2.85615299e-01]","[ 0.5643269   0.11666844  0.43853227  0.99345677 -1.37760096 -1.26894248
 -0.62729748 -0.58239377 -1.35642835  0.96325488 -1.38379775 -1.24107895]","[-0.00959211  1.79999943  0.74981864 -0.51314288  1.61983299  0.28302767
  0.05244845  1.40000041  0.25000009 -0.26886592  1.50800783  0.32757051]",3.7350794849999147,3.7758290939964354
[0.4459385  0.78010893],0.1532003860327727,90,90,0.5185185185185185,0.7407407407407407,0.9629629629629629,0.5555555555555556,0.6666666666666666,1.0,"[-1.48332583 -0.35966745 -1.83100166  0.30395285 -0.39472588  1.39985873
 -0.23025926 -1.17384858 -1.02098707  0.60640057  1.10556232  0.53113715]","[0.22516314 1.52949771 0.48237776 0.0714351  1.40000012 0.72935868
 0.25844317 1.40000029 0.35631709 0.2852544  1.73979093 0.37285386]","[-0.43421814 -0.04567368 -0.77885246 -3.31771951 -0.03968092 -0.27106967
  0.4625774  -0.22421761  0.12139145  0.2264773   0.43717685  0.78102229]","[ 0.24818829  1.54419584  0.54108004 -0.01512059  1.53312377  0.25
  0.30543041  1.40002613  0.43723198  0.26041538  1.79999996  0.41492675]",3.6702868729998954,3.9725077940092888
[0.47469281 1.40415991],0.1611922500878913,91,91,0.5833333333333334,0.8333333333333334,0.9583333333333334,0.20833333333333334,0.4166666666666667,0.7916666666666666,"[ 0.75905293  0.10005928 -0.20302656 -1.50410568 -0.9867019  -1.08853761
  0.27264853 -0.64316393 -0.33381701 -0.41295752  0.62123277  0.0670841 ]","[-0.5478417   1.79999983  0.59457866  0.45701553  1.71809715  0.38851467
  0.62537451  1.69503644  0.30684163  0.11895626  1.79999435  0.58482667]","[ 0.70683623  0.15519998 -0.64649252 -4.62269497 -2.34749372 -3.20505823
  0.82024598  0.06623337  0.85648096 -5.43314079  0.67468509 -0.68745148]","[-0.52235882  1.78652129  0.54852577  0.39670205  1.69741643  0.346119
  0.6723698   1.71520171  0.3568935   0.02869012  1.8         0.28761966]",3.914511613000059,3.865917475995957
[0.0051716  0.87282905],0.23075930501132008,92,92,0.5483870967741935,0.7419354838709677,0.967741935483871,0.967741935483871,0.967741935483871,1.0,"[-0.92938952  1.5621244   0.34786288 -0.25742641  0.00693366 -0.50447837
 -0.81609772 -0.31516722  0.9211635  -1.10086588 -0.56025122 -0.47836992]","[-0.47367909  1.77696298  0.38440498 -0.01135039  1.79998347  0.30985807
 -0.35115211  1.51078369  0.7447826   0.22160282  1.72850524  0.40448938]","[ 0.94851606  0.20526862 -0.25447633 -0.16299957 -0.88890902 -0.9530495
  0.57858324  0.63620649 -0.69131524 -0.44228583 -0.81114601 -0.95062295]","[-0.33692055  1.79976132  0.33810493 -0.0549182   1.57905619  0.27446435
  0.0497687   1.79980717  0.25964757  0.23137057  1.54113639  0.25068809]",3.9825903070000095,3.9694632629980333
[0.55429506 0.77656392],0.16448817994404466,93,93,0.5217391304347826,0.6956521739130435,0.9565217391304348,0.2608695652173913,0.4782608695652174,1.0,"[ 1.10143826 -0.78829607  1.11221328 -0.45270891  0.77429673 -0.03230983
 -0.81436928  0.6000741  -0.93620543 -0.29896929  0.12670817  0.16379068]","[ 0.40082926  1.57865841  0.30324678 -0.12286186  1.77187533  0.50226999
 -0.0478433   1.73195965  0.25000026  0.15471846  1.61101859  0.34412775]","[ 0.39340507 -1.37279584  0.8803099  -1.94310139  1.11261504 -1.53223978
 -2.34667096  0.74878333 -4.78154213 -0.31430664 -0.45088427  0.44361073]","[ 0.3858991   1.57222306  0.29931848 -0.13690928  1.73400088  0.31997589
 -0.10348026  1.79999996  0.25000031  0.14073046  1.40002052  0.46775177]",3.750254023999787,3.9074861479894025
[0.19136535 0.82521048],0.15521212989207428,94,94,0.5384615384615384,0.5769230769230769,0.8846153846153846,0.7307692307692307,0.9230769230769231,1.0,"[-0.40628242  0.4174381   0.3889681   0.50632135 -0.88665123  0.24377698
 -1.19403943  0.2031988   0.66517668 -1.99244239  0.64880366  0.60468069]","[-0.44853549  1.72144425  0.45527864  0.44662965  1.60776201  0.73089564
 -0.50311443  1.60213856  0.74868324 -0.36871689  1.79999963  0.74876161]","[ 1.89714951 -0.64802261 -1.62152414 -2.65288261 -0.17656109 -0.98161747
  0.61862872  0.04513507 -0.63020589 -0.95234811 -0.6492291   0.83837293]","[-0.32872744  1.64752593  0.32151941  0.19433572  1.73521045  0.25
 -0.2120821   1.54629047  0.25078393 -0.42994228  1.40000613  0.74503516]",3.3954326140001285,3.596012519992655
[0.08857819 0.85354605],0.14634460466810578,95,95,0.5,0.6666666666666666,0.9333333333333333,0.9666666666666667,0.9666666666666667,1.0,"[ 0.51269027  0.54946134 -0.81232771  1.17090503  0.54699047  1.7064073
 -0.07259111 -1.57222955 -0.78589832 -1.6585792  -0.30764277 -1.39537707]","[-0.44495376  1.46298237  0.56650089  0.55314262  1.79993788  0.66344903
 -0.3399052   1.43567056  0.38721158 -0.39101876  1.46375245  0.25      ]","[-0.04771504  0.24265885  0.14194143  0.06850115  0.82954848  1.24273172
 -0.1195445  -0.81876778  0.51682727 -0.25990385 -0.29765493  0.14486601]","[-0.55484014  1.48799146  0.744148    0.50104857  1.79972776  0.71468138
 -0.47296383  1.4057589   0.70430733 -0.44293671  1.40593802  0.3344402 ]",3.653983794999931,3.7588755799952196
[0.23592765 1.55159679],0.16449307426666313,96,96,0.46153846153846156,0.6538461538461539,0.9615384615384616,0.8846153846153846,1.0,1.0,"[ 1.29368929  0.36820618  1.58624589  1.85499862 -0.61340176 -0.80525924
 -0.9924692  -0.15416839 -1.25574261  0.57556597 -0.87696679 -0.65781589]","[ 0.40924568  1.43062331  0.28645383 -0.05008962  1.40000045  0.37416157
  0.12636134  1.71165785  0.2500002   0.06133964  1.4001174   0.37816501]","[ 0.34270536 -0.27753331  0.27368905  0.63282366 -0.49150599 -1.06358947
 -1.14094816  0.00140942 -0.14354463 -0.06408107 -1.05184326 -0.89971707]","[ 0.40102562  1.42165194  0.27596208 -0.04870509  1.42536038  0.28960528
  0.10222455  1.72127527  0.25000439  0.02620153  1.41949109  0.25000108]",4.1881296259998635,3.918570952999289
[0.49025721 0.48419599],0.1588091100005026,97,97,0.5185185185185185,0.6666666666666666,1.0,0.7407407407407407,0.8888888888888888,1.0,"[ 0.48483935  0.20727946  0.61603409  0.14666203  0.0129926   0.00667016
 -0.0516059  -0.52343337 -0.02514433  0.27717137  0.5667304   0.40541023]","[ 0.28108371  1.63324973  0.5610989  -0.26425721  1.50022944  0.32919325
 -0.49738218  1.4011155   0.58009591  0.17051918  1.79994111  0.51020836]","[-0.39357995 -0.94436077 -0.40354503  0.88034372  0.83493952 -0.63631971
 -0.41631227  0.33125118  0.3314755   0.34483923 -0.49333632  0.00288888]","[ 0.22812458  1.52141659  0.42959573 -0.21519956  1.56646124  0.27583623
 -0.52173098  1.60400675  0.74997169  0.17641245  1.4875528   0.36450404]",3.551505974000065,3.7868773649970535
[0.20828121 0.84854985],0.16125081863739435,98,98,0.5416666666666666,0.7083333333333334,0.9166666666666666,0.7083333333333334,0.8333333333333334,0.9583333333333334,"[-1.44776724 -2.08053151 -1.81727103  0.18569903 -0.20664737 -0.29930224
  0.18460694 -0.4207516  -0.02183527  0.19070935 -1.57178944 -0.09653091]","[0.12515752 1.70297401 0.28000931 0.24643574 1.40000006 0.42820379
 0.65002076 1.65652439 0.36020268 0.03698334 1.4130379  0.25000303]","[ 3.15834185  0.02002587  0.85320177 -0.4936099  -0.26120051  1.09530028
  0.28446296 -0.95421203  4.02829471 -2.20737871  0.17890763 -0.17375823]","[ 0.27237623  1.79002172  0.74994872  0.18969046  1.40009578  0.74999997
  0.99999995  1.54300423  0.62185373 -0.08462616  1.79999999  0.25000001]",3.5817471510001724,3.605874494998716
[0.24964591 1.16389526],0.16132878057157912,99,99,0.6666666666666666,0.7916666666666666,1.0,0.7916666666666666,1.0,1.0,"[-0.34671103 -0.42259651  0.63982184  0.33923319  0.52301761  0.48208702
  0.8073743   0.33591284 -0.78421845 -0.08765638  0.81397986 -0.31274305]","[-0.31832091  1.52928173  0.35959681  0.67229324  1.7777481   0.41657928
 -0.15231291  1.57104588  0.39707735 -0.52679799  1.50574759  0.45434226]","[-0.08769942 -0.91457601  0.12278264  0.00581745  0.19074823 -0.36627034
  0.73983956 -0.21049123 -0.77722085  0.04743096 -0.01545053 -0.06739463]","[-0.31667626  1.48052338  0.34862229  0.63147616  1.75936215  0.32898156
 -0.1270085   1.41074146  0.26701758 -0.47997494  1.40000069  0.49349307]",3.598492780000015,3.7086164689972065
